;clip;id;movie;srt_name;video_name;graph_number;label;reason;fold
9;tt0108160scene-011.ss-0053.es-0056;tt0108160-011;tt0108160;scene-011.ss-0053.es-0056.srt;tt0108160_scene_11.avi;10;Sure;['Appearance', 'Activities'];3
12;tt0108160scene-021.ss-0117.es-0123;tt0108160-021;tt0108160;scene-021.ss-0117.es-0123.srt;tt0108160_scene_21.avi;20;Hard Neg;['Exp of  emotion'];6
14;tt0108160scene-023.ss-0126.es-0132;tt0108160-023;tt0108160;scene-023.ss-0126.es-0132.srt;tt0108160_scene_23.avi;22;Sure;['Type of plan', 'Clothes', 'Look', 'Exp of  emotion'];1
16;tt0108160scene-027.ss-0151.es-0154;tt0108160-027;tt0108160;scene-027.ss-0151.es-0154.srt;tt0108160_scene_27.avi;26;Hard Neg;['Clothes'];5
21;tt0108160scene-039.ss-0200.es-0201;tt0108160-039;tt0108160;scene-039.ss-0200.es-0201.srt;;-1;Hard Neg;['Exp of  emotion'];5
22;tt0108160scene-040.ss-0202.es-0206;tt0108160-040;tt0108160;scene-040.ss-0202.es-0206.srt;tt0108160_scene_40.avi;39;Hard Neg;['Exp of  emotion'];3
23;tt0108160scene-041.ss-0207.es-0213;tt0108160-041;tt0108160;scene-041.ss-0207.es-0213.srt;tt0108160_scene_41.avi;40;Hard Neg;['Exp of  emotion'];2
24;tt0108160scene-042.ss-0214.es-0214;tt0108160-042;tt0108160;scene-042.ss-0214.es-0214.srt;tt0108160_scene_42.avi;41;Sure;['Activities'];6
26;tt0108160scene-048.ss-0262.es-0268;tt0108160-048;tt0108160;scene-048.ss-0262.es-0268.srt;tt0108160_scene_48.avi;47;Sure;['Exp of  emotion'];2
27;tt0108160scene-049.ss-0269.es-0274;tt0108160-049;tt0108160;scene-049.ss-0269.es-0274.srt;tt0108160_scene_49.avi;48;Sure;['Exp of  emotion'];0
30;tt0108160scene-052.ss-0295.es-0304;tt0108160-052;tt0108160;scene-052.ss-0295.es-0304.srt;;-1;Hard Neg;['Type of plan', 'Look'];9
37;tt0108160scene-059.ss-0353.es-0356;tt0108160-059;tt0108160;scene-059.ss-0353.es-0356.srt;tt0108160_scene_59.avi;58;Sure;['Appearance', 'Activities', 'Look'];1
40;tt0108160scene-064.ss-0382.es-0385;tt0108160-064;tt0108160;scene-064.ss-0382.es-0385.srt;tt0108160_scene_64.avi;63;Sure;['Activities'];0
41;tt0108160scene-065.ss-0386.es-0388;tt0108160-065;tt0108160;scene-065.ss-0386.es-0388.srt;tt0108160_scene_65.avi;64;Sure;['Activities'];8
42;tt0108160scene-067.ss-0395.es-0397;tt0108160-067;tt0108160;scene-067.ss-0395.es-0397.srt;tt0108160_scene_67.avi;66;Hard Neg;['Activities', 'Exp of  emotion'];6
43;tt0108160scene-068.ss-0398.es-0402;tt0108160-068;tt0108160;scene-068.ss-0398.es-0402.srt;tt0108160_scene_68.avi;67;Hard Neg;['Activities', 'Exp of  emotion'];6
44;tt0108160scene-069.ss-0403.es-0412;tt0108160-069;tt0108160;scene-069.ss-0403.es-0412.srt;tt0108160_scene_69.avi;68;Hard Neg;['Activities', 'Exp of  emotion'];9
45;tt0108160scene-070.ss-0413.es-0414;tt0108160-070;tt0108160;scene-070.ss-0413.es-0414.srt;tt0108160_scene_70.avi;69;Hard Neg;['Activities', 'Exp of  emotion'];7
49;tt0108160scene-077.ss-0438.es-0447;tt0108160-077;tt0108160;scene-077.ss-0438.es-0447.srt;tt0108160_scene_77.avi;76;Sure;['Type of plan', 'Posture', 'Look'];8
50;tt0108160scene-078.ss-0448.es-0460;tt0108160-078;tt0108160;scene-078.ss-0448.es-0460.srt;;-1;Hard Neg;['Look'];5
51;tt0108160scene-079.ss-0461.es-0472;tt0108160-079;tt0108160;scene-079.ss-0461.es-0472.srt;tt0108160_scene_79.avi;78;Hard Neg;['Look'];2
53;tt0108160scene-081.ss-0475.es-0488;tt0108160-081;tt0108160;scene-081.ss-0475.es-0488.srt;tt0108160_scene_81.avi;80;Hard Neg;['Look'];4
54;tt0108160scene-082.ss-0489.es-0513;tt0108160-082;tt0108160;scene-082.ss-0489.es-0513.srt;tt0108160_scene_82.avi;81;Hard Neg;['Look'];7
55;tt0108160scene-083.ss-0514.es-0514;tt0108160-083;tt0108160;scene-083.ss-0514.es-0514.srt;;-1;Hard Neg;['Look'];0
56;tt0108160scene-087.ss-0534.es-0547;tt0108160-087;tt0108160;scene-087.ss-0534.es-0547.srt;tt0108160_scene_87.avi;86;Sure;['Exp of  emotion'];7
57;tt0108160scene-088.ss-0548.es-0555;tt0108160-088;tt0108160;scene-088.ss-0548.es-0555.srt;;87;Sure;['Exp of  emotion'];5
58;tt0108160scene-089.ss-0556.es-0566;tt0108160-089;tt0108160;scene-089.ss-0556.es-0566.srt;tt0108160_scene_89.avi;88;Sure;['Posture', 'Activities', 'Exp of  emotion'];0
59;tt0108160scene-090.ss-0567.es-0573;tt0108160-090;tt0108160;scene-090.ss-0567.es-0573.srt;tt0108160_scene_90.avi;89;Hard Neg;['Exp of  emotion'];7
61;tt0108160scene-097.ss-0615.es-0619;tt0108160-097;tt0108160;scene-097.ss-0615.es-0619.srt;tt0108160_scene_97.avi;96;Hard Neg;['Appearance'];6
62;tt0108160scene-098.ss-0620.es-0631;tt0108160-098;tt0108160;scene-098.ss-0620.es-0631.srt;tt0108160_scene_98.avi;97;Hard Neg;['Appearance'];8
63;tt0108160scene-099.ss-0632.es-0633;tt0108160-099;tt0108160;scene-099.ss-0632.es-0633.srt;tt0108160_scene_99.avi;98;Sure;['Type of plan', 'Body', 'Activities'];9
67;tt0108160scene-105.ss-0655.es-0673;tt0108160-105;tt0108160;scene-105.ss-0655.es-0673.srt;tt0108160_scene_105.avi;104;Hard Neg;['Exp of  emotion'];4
84;tt0110912scene-032.ss-0267.es-0267;tt0110912-032;tt0110912;scene-032.ss-0267.es-0267.srt;tt0110912_scene_32.mkv;31;Sure;['Appearance', 'Clothes', 'Look'];8
85;tt0110912scene-033.ss-0268.es-0273;tt0110912-033;tt0110912;scene-033.ss-0268.es-0273.srt;tt0110912_scene_33.mkv;32;Sure;['Appearance', 'Clothes', 'Look'];9
87;tt0110912scene-035.ss-0288.es-0294;tt0110912-035;tt0110912;scene-035.ss-0288.es-0294.srt;tt0110912_scene_35.mkv;34;Hard Neg;['Look'];7
88;tt0110912scene-037.ss-0314.es-0324;tt0110912-037;tt0110912;scene-037.ss-0314.es-0324.srt;tt0110912_scene_37.mkv;36;Hard Neg;['Posture'];9
89;tt0110912scene-038.ss-0325.es-0337;tt0110912-038;tt0110912;scene-038.ss-0325.es-0337.srt;tt0110912_scene_38.mkv;37;Hard Neg;['Look'];6
90;tt0110912scene-039.ss-0338.es-0352;tt0110912-039;tt0110912;scene-039.ss-0338.es-0352.srt;tt0110912_scene_39.mkv;38;Hard Neg;['Look'];2
93;tt0110912scene-042.ss-0360.es-0370;tt0110912-042;tt0110912;scene-042.ss-0360.es-0370.srt;tt0110912_scene_42.mkv;41;Hard Neg;['Clothes', 'Posture'];7
94;tt0110912scene-043.ss-0371.es-0405;tt0110912-043;tt0110912;scene-043.ss-0371.es-0405.srt;tt0110912_scene_43.mkv;42;Hard Neg;['Look'];5
95;tt0110912scene-044.ss-0406.es-0415;tt0110912-044;tt0110912;scene-044.ss-0406.es-0415.srt;tt0110912_scene_44.mkv;43;Sure;['Appearance', 'Clothes', 'Posture', 'Activities'];3
98;tt0110912scene-047.ss-0426.es-0436;tt0110912-047;tt0110912;scene-047.ss-0426.es-0436.srt;tt0110912_scene_47.mkv;46;Hard Neg;['Clothes', 'Posture', 'Activities'];6
99;tt0110912scene-048.ss-0437.es-0438;tt0110912-048;tt0110912;scene-048.ss-0437.es-0438.srt;tt0110912_scene_48.mp4;-1;Hard Neg;['Clothes', 'Posture', 'Activities'];7
112;tt0110912scene-065.ss-0567.es-0572;tt0110912-065;tt0110912;scene-065.ss-0567.es-0572.srt;tt0110912_scene_65.mkv;64;Hard Neg;['Posture'];4
116;tt0110912scene-069.ss-0603.es-0605;tt0110912-069;tt0110912;scene-069.ss-0603.es-0605.srt;tt0110912_scene_69.mkv;68;Sure;['Body', 'Clothes', 'Posture', 'Exp of  emotion'];2
117;tt0110912scene-070.ss-0606.es-0626;tt0110912-070;tt0110912;scene-070.ss-0606.es-0626.srt;tt0110912_scene_70.mkv;69;Sure;['Body', 'Clothes', 'Posture', 'Exp of  emotion'];8
118;tt0110912scene-071.ss-0627.es-0637;tt0110912-071;tt0110912;scene-071.ss-0627.es-0637.srt;tt0110912_scene_71.mkv;70;Sure;['Body', 'Clothes', 'Posture', 'Exp of  emotion'];7
119;tt0110912scene-072.ss-0638.es-0639;tt0110912-072;tt0110912;scene-072.ss-0638.es-0639.srt;tt0110912_scene_72.mp4;-1;Sure;['Body', 'Clothes', 'Posture', 'Exp of  emotion'];3
126;tt0110912scene-079.ss-0694.es-0698;tt0110912-079;tt0110912;scene-079.ss-0694.es-0698.srt;tt0110912_scene_79.mkv;78;Hard Neg;['Posture'];6
127;tt0110912scene-080.ss-0699.es-0713;tt0110912-080;tt0110912;scene-080.ss-0699.es-0713.srt;tt0110912_scene_80.mkv;79;Hard Neg;['Activities', 'Exp of  emotion'];4
130;tt0110912scene-083.ss-0742.es-0748;tt0110912-083;tt0110912;scene-083.ss-0742.es-0748.srt;tt0110912_scene_83.mkv;82;Sure;['Body', 'Clothes', 'Activities'];3
131;tt0110912scene-084.ss-0749.es-0753;tt0110912-084;tt0110912;scene-084.ss-0749.es-0753.srt;tt0110912_scene_84.mkv;83;Sure;['Body', 'Clothes', 'Activities'];0
132;tt0110912scene-085.ss-0754.es-0761;tt0110912-085;tt0110912;scene-085.ss-0754.es-0761.srt;tt0110912_scene_85.mkv;84;Sure;['Body', 'Clothes', 'Activities'];9
133;tt0110912scene-086.ss-0762.es-0785;tt0110912-086;tt0110912;scene-086.ss-0762.es-0785.srt;tt0110912_scene_86.mkv;85;Sure;['Body', 'Clothes', 'Activities'];3
134;tt0110912scene-087.ss-0786.es-0802;tt0110912-087;tt0110912;scene-087.ss-0786.es-0802.srt;tt0110912_scene_87.mkv;86;Sure;['Body', 'Clothes', 'Activities'];9
136;tt0110912scene-089.ss-0810.es-0827;tt0110912-089;tt0110912;scene-089.ss-0810.es-0827.srt;tt0110912_scene_89.mkv;88;Sure;['Body', 'Posture'];4
137;tt0110912scene-090.ss-0828.es-0839;tt0110912-090;tt0110912;scene-090.ss-0828.es-0839.srt;tt0110912_scene_90.mkv;89;Hard Neg;['Posture'];1
138;tt0110912scene-091.ss-0840.es-0847;tt0110912-091;tt0110912;scene-091.ss-0840.es-0847.srt;tt0110912_scene_91.mp4;-1;Hard Neg;['Posture'];8
152;tt0110912scene-110.ss-0989.es-1011;tt0110912-110;tt0110912;scene-110.ss-0989.es-1011.srt;tt0110912_scene_110.mkv;109;Hard Neg;['Body', 'Posture', 'Activities'];7
171;tt0110912scene-132.ss-1197.es-1198;tt0110912-132;tt0110912;scene-132.ss-1197.es-1198.srt;tt0110912_scene_132.mkv;131;Hard Neg;['Look'];1
193;tt0119822scene-023.ss-0149.es-0152;tt0119822-023;tt0119822;scene-023.ss-0149.es-0152.srt;tt0119822_scene_23.avi;22;Hard Neg;['Type of plan', 'Posture'];6
194;tt0119822scene-024.ss-0153.es-0155;tt0119822-024;tt0119822;scene-024.ss-0153.es-0155.srt;tt0119822_scene_24.avi;23;Hard Neg;['Posture', 'Activities'];2
199;tt0119822scene-031.ss-0171.es-0174;tt0119822-031;tt0119822;scene-031.ss-0171.es-0174.srt;tt0119822_scene_31.avi;30;Sure;['Look', 'Exp of  emotion'];3
200;tt0119822scene-032.ss-0175.es-0183;tt0119822-032;tt0119822;scene-032.ss-0175.es-0183.srt;tt0119822_scene_32.avi;31;Sure;['Look', 'Exp of  emotion'];1
201;tt0119822scene-033.ss-0183.es-0189;tt0119822-033;tt0119822;scene-033.ss-0183.es-0189.srt;tt0119822_scene_33.avi;32;Sure;['Look', 'Exp of  emotion'];8
202;tt0119822scene-034.ss-0190.es-0194;tt0119822-034;tt0119822;scene-034.ss-0190.es-0194.srt;tt0119822_scene_34.avi;33;Sure;['Look', 'Exp of  emotion'];5
203;tt0119822scene-035.ss-0195.es-0204;tt0119822-035;tt0119822;scene-035.ss-0195.es-0204.srt;tt0119822_scene_35.avi;34;Sure;['Look', 'Exp of  emotion'];7
204;tt0119822scene-036.ss-0205.es-0212;tt0119822-036;tt0119822;scene-036.ss-0205.es-0212.srt;tt0119822_scene_36.avi;35;Sure;['Type of plan', 'Body', 'Posture', 'Activities', 'Look'];1
205;tt0119822scene-037.ss-0213.es-0215;tt0119822-037;tt0119822;scene-037.ss-0213.es-0215.srt;tt0119822_scene_37.avi;36;Sure;['Activities', 'Exp of  emotion'];5
206;tt0119822scene-038.ss-0216.es-0220;tt0119822-038;tt0119822;scene-038.ss-0216.es-0220.srt;tt0119822_scene_38.avi;37;Sure;['Activities', 'Exp of  emotion'];2
207;tt0119822scene-039.ss-0221.es-0230;tt0119822-039;tt0119822;scene-039.ss-0221.es-0230.srt;tt0119822_scene_39.avi;38;Sure;['Activities', 'Exp of  emotion'];9
208;tt0119822scene-040.ss-0231.es-0233;tt0119822-040;tt0119822;scene-040.ss-0231.es-0233.srt;tt0119822_scene_40.avi;39;Sure;['Activities', 'Exp of  emotion'];2
209;tt0119822scene-041.ss-0234.es-0239;tt0119822-041;tt0119822;scene-041.ss-0234.es-0239.srt;tt0119822_scene_41.avi;40;Sure;['Activities', 'Exp of  emotion'];4
210;tt0119822scene-042.ss-0240.es-0241;tt0119822-042;tt0119822;scene-042.ss-0240.es-0241.srt;tt0119822_scene_42.mp4;41;Hard Neg;['Body'];6
212;tt0119822scene-044.ss-0250.es-0253;tt0119822-044;tt0119822;scene-044.ss-0250.es-0253.srt;tt0119822_scene_44.avi;43;Sure;['Type of plan', 'Body', 'Appearance', 'Clothes', 'Posture'];8
213;tt0119822scene-045.ss-0253.es-0266;tt0119822-045;tt0119822;scene-045.ss-0253.es-0266.srt;tt0119822_scene_45.avi;44;Sure;['Type of plan', 'Body', 'Posture'];4
214;tt0119822scene-046.ss-0267.es-0277;tt0119822-046;tt0119822;scene-046.ss-0267.es-0277.srt;tt0119822_scene_46.avi;45;Hard Neg;['Posture'];3
215;tt0119822scene-047.ss-0278.es-0278;tt0119822-047;tt0119822;scene-047.ss-0278.es-0278.srt;tt0119822_scene_47.mp4;46;Hard Neg;['Posture'];4
233;tt0119822scene-065.ss-0418.es-0419;tt0119822-065;tt0119822;scene-065.ss-0418.es-0419.srt;tt0119822_scene_65.avi;64;Hard Neg;['Activities'];4
251;tt0119822scene-083.ss-0584.es-0597;tt0119822-083;tt0119822;scene-083.ss-0584.es-0597.srt;tt0119822_scene_83.avi;82;Sure;['Body', 'Exp of  emotion'];0
252;tt0119822scene-084.ss-0598.es-0611;tt0119822-084;tt0119822;scene-084.ss-0598.es-0611.srt;tt0119822_scene_84.avi;83;Hard Neg;['Look'];3
253;tt0119822scene-085.ss-0612.es-0615;tt0119822-085;tt0119822;scene-085.ss-0612.es-0615.srt;tt0119822_scene_85.avi;84;Hard Neg;['Look'];4
254;tt0119822scene-086.ss-0616.es-0621;tt0119822-086;tt0119822;scene-086.ss-0616.es-0621.srt;tt0119822_scene_86.mp4;85;Hard Neg;['Look'];7
261;tt0119822scene-095.ss-0724.es-0736;tt0119822-095;tt0119822;scene-095.ss-0724.es-0736.srt;tt0119822_scene_95.avi;94;Sure;['Posture', 'Look', 'Exp of  emotion'];6
271;tt0119822scene-105.ss-0797.es-0812;tt0119822-105;tt0119822;scene-105.ss-0797.es-0812.srt;tt0119822_scene_105.avi;104;Sure;['Exp of  emotion'];7
275;tt0119822scene-109.ss-0827.es-0837;tt0119822-109;tt0119822;scene-109.ss-0827.es-0837.srt;tt0119822_scene_109.avi;108;Sure;['Exp of  emotion'];9
278;tt0119822scene-112.ss-0881.es-0890;tt0119822-112;tt0119822;scene-112.ss-0881.es-0890.srt;tt0119822_scene_112.mp4;-1;Sure;['Type of plan', 'Body', 'Appearance', 'Clothes', 'Posture'];5
279;tt0119822scene-113.ss-0891.es-0943;tt0119822-113;tt0119822;scene-113.ss-0891.es-0943.srt;tt0119822_scene_113.avi;112;Sure;['Clothes', 'Posture', 'Exp of  emotion'];6
282;tt0119822scene-116.ss-0959.es-0967;tt0119822-116;tt0119822;scene-116.ss-0959.es-0967.srt;tt0119822_scene_116.avi;115;Hard Neg;['Body'];2
283;tt0119822scene-117.ss-0968.es-0977;tt0119822-117;tt0119822;scene-117.ss-0968.es-0977.srt;tt0119822_scene_117.avi;116;Hard Neg;['Body'];4
284;tt0119822scene-118.ss-0978.es-1002;tt0119822-118;tt0119822;scene-118.ss-0978.es-1002.srt;tt0119822_scene_118.avi;117;Hard Neg;['Exp of  emotion'];9
289;tt0119822scene-125.ss-1055.es-1089;tt0119822-125;tt0119822;scene-125.ss-1055.es-1089.srt;tt0119822_scene_125.avi;124;Sure;['Look', 'Exp of  emotion'];3
291;tt0119822scene-129.ss-1121.es-1137;tt0119822-129;tt0119822;scene-129.ss-1121.es-1137.srt;tt0119822_scene_129.avi;128;Hard Neg;['Exp of  emotion'];2
292;tt0119822scene-130.ss-1138.es-1140;tt0119822-130;tt0119822;scene-130.ss-1138.es-1140.srt;tt0119822_scene_130.avi;129;Hard Neg;['Exp of  emotion'];4
301;tt0119822scene-143.ss-1267.es-1276;tt0119822-143;tt0119822;scene-143.ss-1267.es-1276.srt;tt0119822_scene_143.avi;142;Hard Neg;['Activities', 'Look', 'Exp of  emotion'];5
302;tt0119822scene-144.ss-1277.es-1283;tt0119822-144;tt0119822;scene-144.ss-1277.es-1283.srt;tt0119822_scene_144.avi;143;Hard Neg;['Clothes'];0
303;tt0119822scene-145.ss-1284.es-1304;tt0119822-145;tt0119822;scene-145.ss-1284.es-1304.srt;tt0119822_scene_145.avi;144;Hard Neg;['Activities'];8
307;tt0119822scene-149.ss-1315.es-1321;tt0119822-149;tt0119822;scene-149.ss-1315.es-1321.srt;tt0119822_scene_149.avi;148;Sure;['Type of plan', 'Look'];4
308;tt0119822scene-150.ss-1322.es-1329;tt0119822-150;tt0119822;scene-150.ss-1322.es-1329.srt;tt0119822_scene_150.avi;149;Hard Neg;['Body', 'Look'];3
309;tt0119822scene-151.ss-1330.es-1346;tt0119822-151;tt0119822;scene-151.ss-1330.es-1346.srt;tt0119822_scene_151.avi;150;Hard Neg;['Clothes', 'Look'];5
311;tt0119822scene-153.ss-1367.es-1373;tt0119822-153;tt0119822;scene-153.ss-1367.es-1373.srt;tt0119822_scene_153.avi;152;Hard Neg;['Look'];3
312;tt0119822scene-154.ss-1373.es-1389;tt0119822-154;tt0119822;scene-154.ss-1373.es-1389.srt;tt0119822_scene_154.avi;153;Hard Neg;['Look'];4
318;tt0119822scene-162.ss-1461.es-1481;tt0119822-162;tt0119822;scene-162.ss-1461.es-1481.srt;tt0119822_scene_162.avi;161;Sure;['Type of plan', 'Body', 'Clothes', 'Look'];2
319;tt0119822scene-164.ss-1486.es-1494;tt0119822-164;tt0119822;scene-164.ss-1486.es-1494.srt;tt0119822_scene_164.avi;163;Sure;['Type of plan', 'Body', 'Clothes', 'Posture', 'Activities'];8
320;tt0119822scene-165.ss-1495.es-1510;tt0119822-165;tt0119822;scene-165.ss-1495.es-1510.srt;tt0119822_scene_165.avi;164;Hard Neg;['Appearance'];5
334;tt0119822scene-182.ss-1665.es-1673;tt0119822-182;tt0119822;scene-182.ss-1665.es-1673.srt;tt0119822_scene_182.avi;181;Sure;['Type of plan', 'Appearance', 'Clothes', 'Posture'];9
337;tt0119822scene-185.ss-1694.es-1698;tt0119822-185;tt0119822;scene-185.ss-1694.es-1698.srt;tt0119822_scene_185.avi;184;Sure;['Body', 'Appearance', 'Clothes'];7
338;tt0119822scene-186.ss-1699.es-1706;tt0119822-186;tt0119822;scene-186.ss-1699.es-1706.srt;tt0119822_scene_186.avi;185;Sure;['Body', 'Appearance', 'Clothes'];0
341;tt0119822scene-189.ss-1725.es-1745;tt0119822-189;tt0119822;scene-189.ss-1725.es-1745.srt;tt0119822_scene_189.avi;188;Hard Neg;['Body', 'Posture'];0
342;tt0119822scene-191.ss-1749.es-1754;tt0119822-191;tt0119822;scene-191.ss-1749.es-1754.srt;tt0119822_scene_191.avi;190;Hard Neg;['Type of plan', 'Body', 'Activities'];1
343;tt0119822scene-192.ss-1754.es-1757;tt0119822-192;tt0119822;scene-192.ss-1754.es-1757.srt;tt0119822_scene_192.avi;191;Hard Neg;['Exp of  emotion'];1
348;tt0212338scene-005.ss-0030.es-0034;tt0212338-005;tt0212338;scene-005.ss-0030.es-0034.srt;tt0212338_scene_5.avi;4;Hard Neg;['Activities'];9
349;tt0212338scene-006.ss-0035.es-0035;tt0212338-006;tt0212338;scene-006.ss-0035.es-0035.srt;tt0212338_scene_6.mp4;-1;Hard Neg;['Activities'];1
350;tt0212338scene-007.ss-0036.es-0042;tt0212338-007;tt0212338;scene-007.ss-0036.es-0042.srt;tt0212338_scene_7.avi;6;Hard Neg;['Activities'];8
351;tt0212338scene-008.ss-0043.es-0047;tt0212338-008;tt0212338;scene-008.ss-0043.es-0047.srt;tt0212338_scene_8.avi;7;Hard Neg;['Activities'];5
352;tt0212338scene-009.ss-0048.es-0079;tt0212338-009;tt0212338;scene-009.ss-0048.es-0079.srt;tt0212338_scene_9.avi;8;Hard Neg;['Activities'];4
353;tt0212338scene-010.ss-0080.es-0101;tt0212338-010;tt0212338;scene-010.ss-0080.es-0101.srt;tt0212338_scene_10.avi;9;Hard Neg;['Activities'];6
357;tt0212338scene-014.ss-0120.es-0125;tt0212338-014;tt0212338;scene-014.ss-0120.es-0125.srt;tt0212338_scene_14.avi;13;Hard Neg;['Activities'];8
358;tt0212338scene-015.ss-0126.es-0139;tt0212338-015;tt0212338;scene-015.ss-0126.es-0139.srt;tt0212338_scene_15.avi;14;Hard Neg;['Activities'];9
359;tt0212338scene-016.ss-0140.es-0146;tt0212338-016;tt0212338;scene-016.ss-0140.es-0146.srt;tt0212338_scene_16.avi;15;Hard Neg;['Activities'];1
360;tt0212338scene-017.ss-0147.es-0154;tt0212338-017;tt0212338;scene-017.ss-0147.es-0154.srt;tt0212338_scene_17.avi;16;Hard Neg;['Activities'];0
390;tt0212338scene-067.ss-0807.es-0812;tt0212338-067;tt0212338;scene-067.ss-0807.es-0812.srt;tt0212338_scene_67.avi;66;Hard Neg;['Posture'];1
391;tt0212338scene-068.ss-0813.es-0821;tt0212338-068;tt0212338;scene-068.ss-0813.es-0821.srt;tt0212338_scene_68.avi;67;Hard Neg;['Posture'];0
392;tt0212338scene-069.ss-0822.es-0840;tt0212338-069;tt0212338;scene-069.ss-0822.es-0840.srt;tt0212338_scene_69.avi;68;Hard Neg;['Posture'];3
400;tt0212338scene-086.ss-0948.es-0962;tt0212338-086;tt0212338;scene-086.ss-0948.es-0962.srt;tt0212338_scene_86.avi;85;Hard Neg;['Clothes'];1
401;tt0212338scene-087.ss-0963.es-0972;tt0212338-087;tt0212338;scene-087.ss-0963.es-0972.srt;tt0212338_scene_87.avi;-1;Hard Neg;['Clothes'];2
402;tt0212338scene-088.ss-0973.es-0985;tt0212338-088;tt0212338;scene-088.ss-0973.es-0985.srt;tt0212338_scene_88.avi;87;Hard Neg;['Clothes'];3
403;tt0212338scene-089.ss-0986.es-0992;tt0212338-089;tt0212338;scene-089.ss-0986.es-0992.srt;tt0212338_scene_89.avi;88;Hard Neg;['Clothes'];1
404;tt0212338scene-090.ss-0993.es-1009;tt0212338-090;tt0212338;scene-090.ss-0993.es-1009.srt;tt0212338_scene_90.avi;89;Hard Neg;['Clothes'];0
405;tt0212338scene-091.ss-1010.es-1011;tt0212338-091;tt0212338;scene-091.ss-1010.es-1011.srt;tt0212338_scene_91.avi;90;Hard Neg;['Clothes'];9
406;tt0212338scene-092.ss-1012.es-1013;tt0212338-092;tt0212338;scene-092.ss-1012.es-1013.srt;tt0212338_scene_92.avi;91;Hard Neg;['Clothes'];1
431;tt0212338scene-121.ss-1283.es-1283;tt0212338-121;tt0212338;scene-121.ss-1283.es-1283.srt;tt0212338_scene_121.avi;120;Hard Neg;['Activities'];9
432;tt0212338scene-122.ss-1284.es-1289;tt0212338-122;tt0212338;scene-122.ss-1284.es-1289.srt;tt0212338_scene_122.avi;121;Hard Neg;['Activities'];6
433;tt0212338scene-123.ss-1290.es-1297;tt0212338-123;tt0212338;scene-123.ss-1290.es-1297.srt;tt0212338_scene_123.avi;122;Hard Neg;['Activities'];4
434;tt0212338scene-124.ss-1298.es-1301;tt0212338-124;tt0212338;scene-124.ss-1298.es-1301.srt;tt0212338_scene_124.mp4;-1;Hard Neg;['Activities'];0
435;tt0212338scene-125.ss-1302.es-1315;tt0212338-125;tt0212338;scene-125.ss-1302.es-1315.srt;tt0212338_scene_125.avi;124;Hard Neg;['Activities'];5
436;tt0212338scene-126.ss-1316.es-1327;tt0212338-126;tt0212338;scene-126.ss-1316.es-1327.srt;tt0212338_scene_126.avi;125;Hard Neg;['Activities'];5
437;tt0212338scene-127.ss-1328.es-1343;tt0212338-127;tt0212338;scene-127.ss-1328.es-1343.srt;tt0212338_scene_127.avi;126;Hard Neg;['Activities'];3
438;tt0212338scene-128.ss-1344.es-1347;tt0212338-128;tt0212338;scene-128.ss-1344.es-1347.srt;tt0212338_scene_128.avi;127;Hard Neg;['Activities'];8
439;tt0212338scene-129.ss-1348.es-1353;tt0212338-129;tt0212338;scene-129.ss-1348.es-1353.srt;tt0212338_scene_129.avi;128;Hard Neg;['Activities'];4
440;tt0212338scene-130.ss-1354.es-1356;tt0212338-130;tt0212338;scene-130.ss-1354.es-1356.srt;tt0212338_scene_130.avi;129;Hard Neg;['Activities'];6
441;tt0212338scene-131.ss-1357.es-1358;tt0212338-131;tt0212338;scene-131.ss-1357.es-1358.srt;tt0212338_scene_131.avi;130;Hard Neg;['Activities'];2
442;tt0212338scene-132.ss-1359.es-1373;tt0212338-132;tt0212338;scene-132.ss-1359.es-1373.srt;tt0212338_scene_132.avi;131;Hard Neg;['Activities'];2
443;tt0212338scene-133.ss-1374.es-1380;tt0212338-133;tt0212338;scene-133.ss-1374.es-1380.srt;tt0212338_scene_133.avi;132;Hard Neg;['Activities'];4
444;tt0212338scene-134.ss-1381.es-1386;tt0212338-134;tt0212338;scene-134.ss-1381.es-1386.srt;tt0212338_scene_134.avi;133;Hard Neg;['Activities'];6
445;tt0212338scene-135.ss-1387.es-1400;tt0212338-135;tt0212338;scene-135.ss-1387.es-1400.srt;tt0212338_scene_135.avi;-1;Hard Neg;['Activities'];4
446;tt0212338scene-136.ss-1401.es-1407;tt0212338-136;tt0212338;scene-136.ss-1401.es-1407.srt;tt0212338_scene_136.avi;-1;Hard Neg;['Activities'];6
447;tt0212338scene-137.ss-1408.es-1408;tt0212338-137;tt0212338;scene-137.ss-1408.es-1408.srt;tt0212338_scene_137.avi;-1;Hard Neg;['Activities'];1
448;tt0212338scene-138.ss-1409.es-1418;tt0212338-138;tt0212338;scene-138.ss-1409.es-1418.srt;tt0212338_scene_138.avi;137;Hard Neg;['Activities'];1
449;tt0212338scene-145.ss-1523.es-1523;tt0212338-145;tt0212338;scene-145.ss-1523.es-1523.srt;tt0212338_scene_145.mp4;-1;Hard Neg;['Clothes', 'Exp of  emotion'];7
450;tt0212338scene-146.ss-1524.es-1532;tt0212338-146;tt0212338;scene-146.ss-1524.es-1532.srt;tt0212338_scene_146.avi;145;Hard Neg;['Clothes', 'Exp of  emotion'];7
451;tt0212338scene-147.ss-1533.es-1535;tt0212338-147;tt0212338;scene-147.ss-1533.es-1535.srt;tt0212338_scene_147.mp4;-1;Hard Neg;['Clothes', 'Exp of  emotion'];8
452;tt0212338scene-148.ss-1536.es-1538;tt0212338-148;tt0212338;scene-148.ss-1536.es-1538.srt;tt0212338_scene_148.mp4;-1;Hard Neg;['Clothes', 'Exp of  emotion'];8
457;tt0212338scene-163.ss-1694.es-1712;tt0212338-163;tt0212338;scene-163.ss-1694.es-1712.srt;tt0212338_scene_163.avi;162;Hard Neg;['Activities'];6
458;tt0212338scene-164.ss-1713.es-1715;tt0212338-164;tt0212338;scene-164.ss-1713.es-1715.srt;tt0212338_scene_164.avi;163;Hard Neg;['Activities'];3
459;tt0212338scene-165.ss-1716.es-1734;tt0212338-165;tt0212338;scene-165.ss-1716.es-1734.srt;tt0212338_scene_165.avi;164;Hard Neg;['Activities'];6
460;tt0212338scene-166.ss-1735.es-1738;tt0212338-166;tt0212338;scene-166.ss-1735.es-1738.srt;tt0212338_scene_166.avi;165;Hard Neg;['Activities'];6
467;tt0467406scene-008.ss-0078.es-0101;tt0467406-008;tt0467406;scene-008.ss-0078.es-0101.srt;tt0467406_scene_8.avi;7;Sure;['Body', 'Appearance', 'Clothes'];4
468;tt0467406scene-009.ss-0102.es-0104;tt0467406-009;tt0467406;scene-009.ss-0102.es-0104.srt;tt0467406_scene_9.avi;8;Sure;['Body', 'Appearance', 'Clothes'];1
470;tt0467406scene-011.ss-0111.es-0117;tt0467406-011;tt0467406;scene-011.ss-0111.es-0117.srt;tt0467406_scene_11.mp4;-1;Sure;['Type of plan', 'Body'];0
471;tt0467406scene-012.ss-0118.es-0125;tt0467406-012;tt0467406;scene-012.ss-0118.es-0125.srt;tt0467406_scene_12.avi;11;Sure;['Type of plan', 'Body', 'Posture', 'Look'];3
472;tt0467406scene-013.ss-0125.es-0126;tt0467406-013;tt0467406;scene-013.ss-0125.es-0126.srt;tt0467406_scene_13.avi;-1;Sure;['Type of plan', 'Body', 'Look'];6
474;tt0467406scene-017.ss-0146.es-0155;tt0467406-017;tt0467406;scene-017.ss-0146.es-0155.srt;tt0467406_scene_17.avi;16;Sure;['Clothes', 'Posture'];3
475;tt0467406scene-018.ss-0156.es-0157;tt0467406-018;tt0467406;scene-018.ss-0156.es-0157.srt;tt0467406_scene_18.avi;17;Sure;['Body', 'Appearance', 'Clothes', 'Posture', 'Look', 'Exp of  emotion'];1
476;tt0467406scene-019.ss-0158.es-0159;tt0467406-019;tt0467406;scene-019.ss-0158.es-0159.srt;tt0467406_scene_19.avi;18;Sure;['Body', 'Appearance', 'Clothes', 'Posture', 'Look', 'Exp of  emotion'];8
477;tt0467406scene-025.ss-0185.es-0187;tt0467406-025;tt0467406;scene-025.ss-0185.es-0187.srt;tt0467406_scene_25.avi;24;Sure;['Type of plan', 'Body', 'Look', 'Exp of  emotion'];2
484;tt0467406scene-037.ss-0289.es-0292;tt0467406-037;tt0467406;scene-037.ss-0289.es-0292.srt;tt0467406_scene_37.avi;-1;Hard Neg;['Posture'];9
485;tt0467406scene-038.ss-0293.es-0309;tt0467406-038;tt0467406;scene-038.ss-0293.es-0309.srt;tt0467406_scene_38.avi;37;Hard Neg;['Clothes'];0
491;tt0467406scene-062.ss-0533.es-0535;tt0467406-062;tt0467406;scene-062.ss-0533.es-0535.srt;tt0467406_scene_62.mp4;-1;Sure;['Type of plan', 'Activities'];2
492;tt0467406scene-063.ss-0536.es-0537;tt0467406-063;tt0467406;scene-063.ss-0536.es-0537.srt;tt0467406_scene_63.avi;62;Sure;['Type of plan', 'Activities'];4
493;tt0467406scene-064.ss-0538.es-0544;tt0467406-064;tt0467406;scene-064.ss-0538.es-0544.srt;tt0467406_scene_64.avi;-1;Sure;['Type of plan', 'Look'];8
495;tt0467406scene-070.ss-0594.es-0598;tt0467406-070;tt0467406;scene-070.ss-0594.es-0598.srt;tt0467406_scene_70.mp4;-1;Hard Neg;['Type of plan'];5
502;tt0467406scene-088.ss-0747.es-0751;tt0467406-088;tt0467406;scene-088.ss-0747.es-0751.srt;tt0467406_scene_88.avi;87;Hard Neg;['Activities'];5
503;tt0467406scene-089.ss-0752.es-0756;tt0467406-089;tt0467406;scene-089.ss-0752.es-0756.srt;tt0467406_scene_89.avi;88;Hard Neg;['Look'];1
504;tt0467406scene-090.ss-0756.es-0765;tt0467406-090;tt0467406;scene-090.ss-0756.es-0765.srt;tt0467406_scene_90.avi;89;Hard Neg;['Look'];0
505;tt0467406scene-091.ss-0765.es-0769;tt0467406-091;tt0467406;scene-091.ss-0765.es-0769.srt;tt0467406_scene_91.avi;90;Hard Neg;['Look'];3
506;tt0467406scene-092.ss-0769.es-0775;tt0467406-092;tt0467406;scene-092.ss-0769.es-0775.srt;tt0467406_scene_92.avi;91;Hard Neg;['Look'];8
511;tt0467406scene-097.ss-0795.es-0796;tt0467406-097;tt0467406;scene-097.ss-0795.es-0796.srt;tt0467406_scene_97.avi;-1;Sure;['Look'];6
512;tt0467406scene-098.ss-0797.es-0799;tt0467406-098;tt0467406;scene-098.ss-0797.es-0799.srt;tt0467406_scene_98.mp4;-1;Sure;['Look'];8
514;tt0467406scene-103.ss-0833.es-0839;tt0467406-103;tt0467406;scene-103.ss-0833.es-0839.srt;tt0467406_scene_103.avi;102;Hard Neg;['Exp of  emotion'];4
515;tt0467406scene-104.ss-0841.es-0872;tt0467406-104;tt0467406;scene-104.ss-0841.es-0872.srt;tt0467406_scene_104.avi;103;Hard Neg;['Exp of  emotion'];8
516;tt0467406scene-105.ss-0873.es-0876;tt0467406-105;tt0467406;scene-105.ss-0873.es-0876.srt;tt0467406_scene_105.mp4;-1;Sure;['Appearance', 'Activities'];4
518;tt0467406scene-107.ss-0878.es-0886;tt0467406-107;tt0467406;scene-107.ss-0878.es-0886.srt;tt0467406_scene_107.avi;106;Sure;['Body', 'Posture'];4
519;tt0467406scene-108.ss-0886.es-0891;tt0467406-108;tt0467406;scene-108.ss-0886.es-0891.srt;tt0467406_scene_108.avi;107;Sure;['Type of plan', 'Body', 'Posture', 'Activities', 'Look', 'Exp of  emotion'];4
520;tt0467406scene-109.ss-0891.es-0900;tt0467406-109;tt0467406;scene-109.ss-0891.es-0900.srt;tt0467406_scene_109.avi;108;Sure;['Type of plan', 'Body', 'Posture', 'Activities', 'Look', 'Exp of  emotion'];3
521;tt0467406scene-110.ss-0901.es-0912;tt0467406-110;tt0467406;scene-110.ss-0901.es-0912.srt;tt0467406_scene_110.avi;109;Sure;['Type of plan', 'Body', 'Posture', 'Activities', 'Look', 'Exp of  emotion'];7
522;tt0467406scene-117.ss-0968.es-0973;tt0467406-117;tt0467406;scene-117.ss-0968.es-0973.srt;tt0467406_scene_117.mp4;-1;Hard Neg;['Exp of  emotion'];1
529;tt0467406scene-130.ss-1038.es-1043;tt0467406-130;tt0467406;scene-130.ss-1038.es-1043.srt;tt0467406_scene_130.avi;-1;Hard Neg;['Exp of  emotion'];8
530;tt0467406scene-131.ss-1043.es-1055;tt0467406-131;tt0467406;scene-131.ss-1043.es-1055.srt;tt0467406_scene_131.avi;130;Hard Neg;['Look'];6
532;tt0467406scene-133.ss-1065.es-1070;tt0467406-133;tt0467406;scene-133.ss-1065.es-1070.srt;tt0467406_scene_133.avi;132;Hard Neg;['Activities'];3
533;tt0467406scene-134.ss-1071.es-1071;tt0467406-134;tt0467406;scene-134.ss-1071.es-1071.srt;tt0467406_scene_134.avi;133;Hard Neg;['Activities'];1
534;tt0467406scene-135.ss-1072.es-1075;tt0467406-135;tt0467406;scene-135.ss-1072.es-1075.srt;tt0467406_scene_135.avi;134;Hard Neg;['Activities', 'Exp of  emotion'];9
535;tt0467406scene-136.ss-1076.es-1082;tt0467406-136;tt0467406;scene-136.ss-1076.es-1082.srt;tt0467406_scene_136.avi;135;Hard Neg;['Activities', 'Exp of  emotion'];5
536;tt0467406scene-137.ss-1083.es-1083;tt0467406-137;tt0467406;scene-137.ss-1083.es-1083.srt;tt0467406_scene_137.avi;136;Hard Neg;['Activities'];5
537;tt0467406scene-138.ss-1084.es-1085;tt0467406-138;tt0467406;scene-138.ss-1084.es-1085.srt;tt0467406_scene_138.avi;137;Hard Neg;['Posture'];8
538;tt0467406scene-139.ss-1085.es-1088;tt0467406-139;tt0467406;scene-139.ss-1085.es-1088.srt;tt0467406_scene_139.avi;138;Hard Neg;['Posture'];1
539;tt0467406scene-140.ss-1089.es-1089;tt0467406-140;tt0467406;scene-140.ss-1089.es-1089.srt;tt0467406_scene_140.avi;139;Hard Neg;['Exp of  emotion'];4
540;tt0467406scene-141.ss-1090.es-1093;tt0467406-141;tt0467406;scene-141.ss-1090.es-1093.srt;tt0467406_scene_141.avi;140;Hard Neg;['Activities'];8
541;tt0467406scene-142.ss-1093.es-1095;tt0467406-142;tt0467406;scene-142.ss-1093.es-1095.srt;tt0467406_scene_142.avi;-1;Hard Neg;['Activities'];9
542;tt0467406scene-143.ss-1095.es-1097;tt0467406-143;tt0467406;scene-143.ss-1095.es-1097.srt;tt0467406_scene_143.avi;142;Hard Neg;['Activities'];6
543;tt0467406scene-144.ss-1097.es-1098;tt0467406-144;tt0467406;scene-144.ss-1097.es-1098.srt;tt0467406_scene_144.mp4;-1;Hard Neg;['Activities'];9
545;tt0467406scene-146.ss-1100.es-1105;tt0467406-146;tt0467406;scene-146.ss-1100.es-1105.srt;tt0467406_scene_146.mp4;-1;Hard Neg;['Clothes', 'Activities'];8
546;tt0467406scene-147.ss-1105.es-1105;tt0467406-147;tt0467406;scene-147.ss-1105.es-1105.srt;tt0467406_scene_147.avi;146;Hard Neg;['Clothes', 'Activities'];9
552;tt0822832scene-005.ss-0044.es-0050;tt0822832-005;tt0822832;scene-005.ss-0044.es-0050.srt;tt0822832_scene_5.mp4;4;Hard Neg;['Appearance', 'Activities'];3
553;tt0822832scene-006.ss-0051.es-0052;tt0822832-006;tt0822832;scene-006.ss-0051.es-0052.srt;;-1;Hard Neg;['Appearance', 'Activities'];0
555;tt0822832scene-008.ss-0076.es-0085;tt0822832-008;tt0822832;scene-008.ss-0076.es-0085.srt;tt0822832_scene_8.mp4;7;Sure;['Type of plan', 'Body', 'Clothes'];0
556;tt0822832scene-009.ss-0086.es-0088;tt0822832-009;tt0822832;scene-009.ss-0086.es-0088.srt;;-1;Hard Neg;['Activities'];2
557;tt0822832scene-010.ss-0089.es-0096;tt0822832-010;tt0822832;scene-010.ss-0089.es-0096.srt;tt0822832_scene_10.mp4;9;Sure;['Type of plan', 'Body', 'Clothes'];7
558;tt0822832scene-011.ss-0097.es-0120;tt0822832-011;tt0822832;scene-011.ss-0097.es-0120.srt;tt0822832_scene_11.mp4;10;Sure;['Look'];6
559;tt0822832scene-012.ss-0121.es-0144;tt0822832-012;tt0822832;scene-012.ss-0121.es-0144.srt;tt0822832_scene_12.mp4;11;Hard Neg;['Type of plan'];9
560;tt0822832scene-013.ss-0145.es-0151;tt0822832-013;tt0822832;scene-013.ss-0145.es-0151.srt;tt0822832_scene_13.mp4;12;Hard Neg;['Clothes'];2
564;tt0822832scene-017.ss-0212.es-0222;tt0822832-017;tt0822832;scene-017.ss-0212.es-0222.srt;tt0822832_scene_17.mp4;16;Hard Neg;['Activities'];8
566;tt0822832scene-019.ss-0234.es-0248;tt0822832-019;tt0822832;scene-019.ss-0234.es-0248.srt;tt0822832_scene_19.mp4;18;Sure;['Body', 'Clothes', 'Activities'];7
568;tt0822832scene-021.ss-0276.es-0289;tt0822832-021;tt0822832;scene-021.ss-0276.es-0289.srt;tt0822832_scene_21.mp4;20;Hard Neg;['Clothes'];0
569;tt0822832scene-022.ss-0290.es-0306;tt0822832-022;tt0822832;scene-022.ss-0290.es-0306.srt;tt0822832_scene_22.mp4;21;Hard Neg;['Activities'];0
570;tt0822832scene-023.ss-0307.es-0308;tt0822832-023;tt0822832;scene-023.ss-0307.es-0308.srt;tt0822832_scene_23.mp4;22;Hard Neg;['Activities'];5
571;tt0822832scene-024.ss-0309.es-0312;tt0822832-024;tt0822832;scene-024.ss-0309.es-0312.srt;;-1;Hard Neg;['Activities'];0
572;tt0822832scene-025.ss-0313.es-0356;tt0822832-025;tt0822832;scene-025.ss-0313.es-0356.srt;tt0822832_scene_25.mp4;24;Hard Neg;['Clothes'];7
579;tt0822832scene-040.ss-0685.es-0688;tt0822832-040;tt0822832;scene-040.ss-0685.es-0688.srt;tt0822832_scene_40.mp4;39;Hard Neg;['Clothes'];7
580;tt0822832scene-041.ss-0689.es-0712;tt0822832-041;tt0822832;scene-041.ss-0689.es-0712.srt;tt0822832_scene_41.mp4;40;Sure;['Type of plan', 'Body', 'Posture'];8
581;tt0822832scene-042.ss-0713.es-0742;tt0822832-042;tt0822832;scene-042.ss-0713.es-0742.srt;tt0822832_scene_42.mp4;41;Hard Neg;['Exp of  emotion'];0
582;tt0822832scene-043.ss-0743.es-0759;tt0822832-043;tt0822832;scene-043.ss-0743.es-0759.srt;tt0822832_scene_43.mp4;42;Hard Neg;['Exp of  emotion'];3
583;tt0822832scene-045.ss-0761.es-0765;tt0822832-045;tt0822832;scene-045.ss-0761.es-0765.srt;tt0822832_scene_45.mp4;44;Hard Neg;['Exp of  emotion'];2
585;tt0822832scene-047.ss-0783.es-0807;tt0822832-047;tt0822832;scene-047.ss-0783.es-0807.srt;tt0822832_scene_47.mp4;46;Sure;['Type of plan', 'Body', 'Appearance', 'Clothes', 'Activities'];9
586;tt0822832scene-048.ss-0808.es-0829;tt0822832-048;tt0822832;scene-048.ss-0808.es-0829.srt;tt0822832_scene_48.mp4;47;Hard Neg;['Body', 'Appearance'];0
587;tt0822832scene-049.ss-0830.es-0839;tt0822832-049;tt0822832;scene-049.ss-0830.es-0839.srt;tt0822832_scene_49.mp4;48;Hard Neg;['Body', 'Appearance'];5
591;tt0822832scene-053.ss-0863.es-0865;tt0822832-053;tt0822832;scene-053.ss-0863.es-0865.srt;tt0822832_scene_53.mp4;52;Hard Neg;['Body', 'Activities'];9
593;tt0822832scene-056.ss-0913.es-0916;tt0822832-056;tt0822832;scene-056.ss-0913.es-0916.srt;;-1;Sure;['Body', 'Clothes', 'Activities', 'Exp of  emotion'];0
594;tt0822832scene-057.ss-0917.es-0924;tt0822832-057;tt0822832;scene-057.ss-0917.es-0924.srt;tt0822832_scene_57.mp4;56;Sure;['Body', 'Clothes', 'Activities', 'Exp of  emotion'];6
595;tt0822832scene-058.ss-0925.es-0925;tt0822832-058;tt0822832;scene-058.ss-0925.es-0925.srt;tt0822832_scene_58.mp4;57;Sure;['Body', 'Clothes', 'Activities', 'Exp of  emotion'];1
596;tt0822832scene-059.ss-0926.es-0926;tt0822832-059;tt0822832;scene-059.ss-0926.es-0926.srt;;-1;Hard Neg;['Activities'];4
597;tt0822832scene-060.ss-0927.es-0929;tt0822832-060;tt0822832;scene-060.ss-0927.es-0929.srt;tt0822832_scene_60.mp4;59;Hard Neg;['Activities'];4
598;tt0822832scene-061.ss-0930.es-0930;tt0822832-061;tt0822832;scene-061.ss-0930.es-0930.srt;;-1;Hard Neg;['Activities'];9
602;tt0822832scene-067.ss-0988.es-0995;tt0822832-067;tt0822832;scene-067.ss-0988.es-0995.srt;;-1;Hard Neg;['Activities'];1
611;tt0822832scene-080.ss-1151.es-1161;tt0822832-080;tt0822832;scene-080.ss-1151.es-1161.srt;tt0822832_scene_80.mp4;79;Sure;['Type of plan', 'Body', 'Clothes'];4
612;tt0822832scene-081.ss-1162.es-1173;tt0822832-081;tt0822832;scene-081.ss-1162.es-1173.srt;tt0822832_scene_81.mp4;80;Sure;['Type of plan', 'Body', 'Clothes'];6
613;tt0822832scene-082.ss-1174.es-1193;tt0822832-082;tt0822832;scene-082.ss-1174.es-1193.srt;tt0822832_scene_82.mp4;81;Sure;['Type of plan', 'Body', 'Clothes'];1
614;tt0822832scene-083.ss-1194.es-1212;tt0822832-083;tt0822832;scene-083.ss-1194.es-1212.srt;tt0822832_scene_83.mp4;82;Sure;['Type of plan', 'Body', 'Clothes'];4
615;tt0822832scene-084.ss-1213.es-1215;tt0822832-084;tt0822832;scene-084.ss-1213.es-1215.srt;;-1;Hard Neg;['Activities'];7
616;tt0822832scene-085.ss-1216.es-1220;tt0822832-085;tt0822832;scene-085.ss-1216.es-1220.srt;tt0822832_scene_85.mp4;84;Hard Neg;['Activities'];8
617;tt0822832scene-086.ss-1221.es-1254;tt0822832-086;tt0822832;scene-086.ss-1221.es-1254.srt;tt0822832_scene_86.mp4;85;Sure;['Type of plan', 'Body', 'Look'];4
618;tt0822832scene-087.ss-1255.es-1255;tt0822832-087;tt0822832;scene-087.ss-1255.es-1255.srt;;-1;Sure;['Type of plan', 'Body', 'Clothes', 'Posture', 'Activities', 'Look', 'Exp of  emotion'];5
620;tt0822832scene-089.ss-1267.es-1276;tt0822832-089;tt0822832;scene-089.ss-1267.es-1276.srt;;-1;Hard Neg;['Clothes'];6
621;tt0822832scene-090.ss-1277.es-1277;tt0822832-090;tt0822832;scene-090.ss-1277.es-1277.srt;tt0822832_scene_90.mp4;89;Hard Neg;['Clothes'];0
622;tt0822832scene-091.ss-1278.es-1279;tt0822832-091;tt0822832;scene-091.ss-1278.es-1279.srt;tt0822832_scene_91.mp4;90;Hard Neg;['Activities'];5
623;tt0822832scene-092.ss-1280.es-1292;tt0822832-092;tt0822832;scene-092.ss-1280.es-1292.srt;tt0822832_scene_92.mp4;91;Hard Neg;['Activities'];5
627;tt0822832scene-096.ss-1324.es-1337;tt0822832-096;tt0822832;scene-096.ss-1324.es-1337.srt;tt0822832_scene_96.mp4;95;Hard Neg;['Activities'];8
629;tt0822832scene-098.ss-1348.es-1354;tt0822832-098;tt0822832;scene-098.ss-1348.es-1354.srt;tt0822832_scene_98.mp4;97;Hard Neg;['Type of plan', 'Clothes'];4
630;tt0822832scene-099.ss-1355.es-1361;tt0822832-099;tt0822832;scene-099.ss-1355.es-1361.srt;;-1;Hard Neg;['Type of plan', 'Clothes'];5
632;tt0822832scene-101.ss-1385.es-1386;tt0822832-101;tt0822832;scene-101.ss-1385.es-1386.srt;;100;Hard Neg;['Activities'];7
642;tt0822832scene-111.ss-1476.es-1481;tt0822832-111;tt0822832;scene-111.ss-1476.es-1481.srt;tt0822832_scene_111.mp4;110;Sure;['Type of plan', 'Body', 'Clothes'];0
643;tt0822832scene-112.ss-1482.es-1485;tt0822832-112;tt0822832;scene-112.ss-1482.es-1485.srt;tt0822832_scene_112.mp4;111;Sure;['Type of plan', 'Body', 'Clothes'];4
644;tt0822832scene-113.ss-1486.es-1493;tt0822832-113;tt0822832;scene-113.ss-1486.es-1493.srt;tt0822832_scene_113.mp4;112;Sure;['Type of plan', 'Body'];4
649;tt0822832scene-118.ss-1541.es-1562;tt0822832-118;tt0822832;scene-118.ss-1541.es-1562.srt;tt0822832_scene_118.mp4;117;Hard Neg;['Exp of  emotion'];7
650;tt0822832scene-119.ss-1563.es-1569;tt0822832-119;tt0822832;scene-119.ss-1563.es-1569.srt;;-1;Hard Neg;['Activities', 'Look'];9
662;tt1045658scene-017.ss-0097.es-0105;tt1045658-017;tt1045658;scene-017.ss-0097.es-0105.srt;tt1045658_scene_17.mkv;16;Hard Neg;['Type of plan', 'Posture', 'Exp of  emotion'];5
663;tt1045658scene-018.ss-0106.es-0106;tt1045658-018;tt1045658;scene-018.ss-0106.es-0106.srt;tt1045658_scene_18.mp4;-1;Hard Neg;['Type of plan', 'Posture', 'Exp of  emotion'];3
664;tt1045658scene-019.ss-0107.es-0123;tt1045658-019;tt1045658;scene-019.ss-0107.es-0123.srt;tt1045658_scene_19.mkv;18;Sure;['Activities'];2
668;tt1045658scene-024.ss-0176.es-0195;tt1045658-024;tt1045658;scene-024.ss-0176.es-0195.srt;tt1045658_scene_24.mkv;23;Sure;['Type of plan', 'Body', 'Look'];3
674;tt1045658scene-031.ss-0242.es-0253;tt1045658-031;tt1045658;scene-031.ss-0242.es-0253.srt;tt1045658_scene_31.mkv;30;Hard Neg;['Posture'];8
675;tt1045658scene-034.ss-0274.es-0278;tt1045658-034;tt1045658;scene-034.ss-0274.es-0278.srt;tt1045658_scene_34.mkv;33;Hard Neg;['Type of plan', 'Exp of  emotion'];0
676;tt1045658scene-035.ss-0279.es-0286;tt1045658-035;tt1045658;scene-035.ss-0279.es-0286.srt;tt1045658_scene_35.mkv;34;Hard Neg;['Type of plan', 'Exp of  emotion'];4
677;tt1045658scene-036.ss-0287.es-0296;tt1045658-036;tt1045658;scene-036.ss-0287.es-0296.srt;tt1045658_scene_36.mkv;35;Hard Neg;['Type of plan', 'Appearance', 'Exp of  emotion'];6
678;tt1045658scene-038.ss-0311.es-0317;tt1045658-038;tt1045658;scene-038.ss-0311.es-0317.srt;tt1045658_scene_38.mkv;37;Hard Neg;['Appearance', 'Clothes', 'Activities'];4
679;tt1045658scene-040.ss-0325.es-0335;tt1045658-040;tt1045658;scene-040.ss-0325.es-0335.srt;tt1045658_scene_40.mkv;39;Sure;['Type of plan', 'Body', 'Posture', 'Look'];4
680;tt1045658scene-041.ss-0336.es-0353;tt1045658-041;tt1045658;scene-041.ss-0336.es-0353.srt;tt1045658_scene_41.mkv;40;Sure;['Type of plan', 'Body', 'Clothes', 'Look'];9
684;tt1045658scene-047.ss-0401.es-0413;tt1045658-047;tt1045658;scene-047.ss-0401.es-0413.srt;tt1045658_scene_47.mkv;46;Sure;['Activities'];3
685;tt1045658scene-048.ss-0414.es-0418;tt1045658-048;tt1045658;scene-048.ss-0414.es-0418.srt;tt1045658_scene_48.mkv;47;Sure;['Posture', 'Exp of  emotion'];5
686;tt1045658scene-049.ss-0419.es-0432;tt1045658-049;tt1045658;scene-049.ss-0419.es-0432.srt;tt1045658_scene_49.mkv;48;Sure;['Posture', 'Exp of  emotion'];3
687;tt1045658scene-050.ss-0433.es-0440;tt1045658-050;tt1045658;scene-050.ss-0433.es-0440.srt;tt1045658_scene_50.mkv;49;Sure;['Posture', 'Exp of  emotion'];7
688;tt1045658scene-051.ss-0441.es-0468;tt1045658-051;tt1045658;scene-051.ss-0441.es-0468.srt;tt1045658_scene_51.mkv;50;Hard Neg;['Posture'];7
689;tt1045658scene-052.ss-0469.es-0469;tt1045658-052;tt1045658;scene-052.ss-0469.es-0469.srt;tt1045658_scene_52.mp4;-1;Hard Neg;['Posture'];4
690;tt1045658scene-053.ss-0470.es-0482;tt1045658-053;tt1045658;scene-053.ss-0470.es-0482.srt;tt1045658_scene_53.mkv;52;Sure;['Body', 'Appearance', 'Activities'];5
691;tt1045658scene-054.ss-0483.es-0503;tt1045658-054;tt1045658;scene-054.ss-0483.es-0503.srt;tt1045658_scene_54.mkv;53;Sure;['Body', 'Appearance', 'Activities'];2
694;tt1045658scene-059.ss-0549.es-0550;tt1045658-059;tt1045658;scene-059.ss-0549.es-0550.srt;tt1045658_scene_59.mkv;58;Hard Neg;['Activities'];2
695;tt1045658scene-060.ss-0551.es-0564;tt1045658-060;tt1045658;scene-060.ss-0551.es-0564.srt;tt1045658_scene_60.mkv;59;Hard Neg;['Clothes'];2
699;tt1045658scene-067.ss-0614.es-0621;tt1045658-067;tt1045658;scene-067.ss-0614.es-0621.srt;tt1045658_scene_67.mkv;66;Sure;['Type of plan', 'Posture', 'Look'];3
701;tt1045658scene-069.ss-0624.es-0635;tt1045658-069;tt1045658;scene-069.ss-0624.es-0635.srt;tt1045658_scene_69.mkv;68;Sure;['Body', 'Clothes'];8
702;tt1045658scene-070.ss-0636.es-0642;tt1045658-070;tt1045658;scene-070.ss-0636.es-0642.srt;tt1045658_scene_70.mkv;69;Sure;['Body', 'Clothes'];1
703;tt1045658scene-071.ss-0643.es-0648;tt1045658-071;tt1045658;scene-071.ss-0643.es-0648.srt;tt1045658_scene_71.mkv;70;Sure;['Body', 'Clothes'];8
705;tt1045658scene-073.ss-0668.es-0671;tt1045658-073;tt1045658;scene-073.ss-0668.es-0671.srt;tt1045658_scene_73.mkv;72;Sure;['Body', 'Appearance', 'Clothes'];1
706;tt1045658scene-074.ss-0672.es-0692;tt1045658-074;tt1045658;scene-074.ss-0672.es-0692.srt;tt1045658_scene_74.mkv;73;Sure;['Body', 'Appearance', 'Clothes'];6
707;tt1045658scene-075.ss-0693.es-0703;tt1045658-075;tt1045658;scene-075.ss-0693.es-0703.srt;tt1045658_scene_75.mkv;74;Sure;['Type of plan', 'Body', 'Appearance', 'Clothes'];5
708;tt1045658scene-076.ss-0704.es-0708;tt1045658-076;tt1045658;scene-076.ss-0704.es-0708.srt;tt1045658_scene_76.mkv;75;Sure;['Type of plan', 'Body', 'Appearance', 'Clothes'];0
709;tt1045658scene-077.ss-0709.es-0719;tt1045658-077;tt1045658;scene-077.ss-0709.es-0719.srt;tt1045658_scene_77.mkv;76;Hard Neg;['Exp of  emotion'];3
710;tt1045658scene-078.ss-0720.es-0731;tt1045658-078;tt1045658;scene-078.ss-0720.es-0731.srt;tt1045658_scene_78.mkv;77;Sure;['Posture'];2
711;tt1045658scene-079.ss-0732.es-0739;tt1045658-079;tt1045658;scene-079.ss-0732.es-0739.srt;tt1045658_scene_79.mkv;78;Sure;['Type of plan', 'Body', 'Appearance'];4
712;tt1045658scene-080.ss-0740.es-0754;tt1045658-080;tt1045658;scene-080.ss-0740.es-0754.srt;tt1045658_scene_80.mkv;79;Sure;['Activities'];3
713;tt1045658scene-081.ss-0755.es-0770;tt1045658-081;tt1045658;scene-081.ss-0755.es-0770.srt;tt1045658_scene_81.mkv;80;Sure;['Activities'];3
714;tt1045658scene-084.ss-0800.es-0810;tt1045658-084;tt1045658;scene-084.ss-0800.es-0810.srt;tt1045658_scene_84.mkv;83;Hard Neg;['Appearance', 'Clothes'];8
715;tt1045658scene-085.ss-0811.es-0819;tt1045658-085;tt1045658;scene-085.ss-0811.es-0819.srt;tt1045658_scene_85.mkv;84;Hard Neg;['Body'];2
716;tt1045658scene-087.ss-0830.es-0835;tt1045658-087;tt1045658;scene-087.ss-0830.es-0835.srt;tt1045658_scene_87.mkv;86;Sure;['Type of plan', 'Look'];7
717;tt1045658scene-089.ss-0854.es-0865;tt1045658-089;tt1045658;scene-089.ss-0854.es-0865.srt;tt1045658_scene_89.mkv;88;Hard Neg;['Posture'];0
718;tt1045658scene-090.ss-0866.es-0870;tt1045658-090;tt1045658;scene-090.ss-0866.es-0870.srt;tt1045658_scene_90.mkv;89;Hard Neg;['Posture'];8
719;tt1045658scene-091.ss-0871.es-0889;tt1045658-091;tt1045658;scene-091.ss-0871.es-0889.srt;tt1045658_scene_91.mkv;90;Hard Neg;['Posture'];3
721;tt1045658scene-096.ss-0932.es-0949;tt1045658-096;tt1045658;scene-096.ss-0932.es-0949.srt;tt1045658_scene_96.mkv;95;Hard Neg;['Posture'];8
722;tt1045658scene-098.ss-0958.es-0960;tt1045658-098;tt1045658;scene-098.ss-0958.es-0960.srt;tt1045658_scene_98.mkv;97;Hard Neg;['Type of plan', 'Look'];9
724;tt1045658scene-100.ss-0964.es-0969;tt1045658-100;tt1045658;scene-100.ss-0964.es-0969.srt;tt1045658_scene_100.mp4;99;Sure;['Type of plan', 'Body'];0
725;tt1045658scene-101.ss-0970.es-0980;tt1045658-101;tt1045658;scene-101.ss-0970.es-0980.srt;tt1045658_scene_101.mkv;100;Sure;['Type of plan', 'Body'];5
726;tt1045658scene-102.ss-0981.es-0985;tt1045658-102;tt1045658;scene-102.ss-0981.es-0985.srt;tt1045658_scene_102.mp4;101;Sure;['Body', 'Look'];2
727;tt1045658scene-103.ss-0986.es-0994;tt1045658-103;tt1045658;scene-103.ss-0986.es-0994.srt;tt1045658_scene_103.mkv;102;Sure;['Type of plan', 'Body', 'Appearance', 'Posture', 'Look'];2
730;tt1045658scene-106.ss-1016.es-1032;tt1045658-106;tt1045658;scene-106.ss-1016.es-1032.srt;tt1045658_scene_106.mkv;105;Sure;['Body', 'Clothes', 'Posture', 'Activities', 'Look'];1
731;tt1045658scene-107.ss-1033.es-1046;tt1045658-107;tt1045658;scene-107.ss-1033.es-1046.srt;tt1045658_scene_107.mkv;106;Sure;['Type of plan', 'Clothes', 'Posture'];9
734;tt1045658scene-114.ss-1090.es-1103;tt1045658-114;tt1045658;scene-114.ss-1090.es-1103.srt;tt1045658_scene_114.mkv;113;Hard Neg;['Clothes'];3
735;tt1045658scene-115.ss-1104.es-1120;tt1045658-115;tt1045658;scene-115.ss-1104.es-1120.srt;tt1045658_scene_115.mkv;114;Hard Neg;['Clothes'];3
736;tt1045658scene-116.ss-1121.es-1123;tt1045658-116;tt1045658;scene-116.ss-1121.es-1123.srt;tt1045658_scene_116.mp4;-1;Sure;['Type of plan', 'Body', 'Look'];2
737;tt1045658scene-118.ss-1127.es-1138;tt1045658-118;tt1045658;scene-118.ss-1127.es-1138.srt;tt1045658_scene_118.mkv;117;Sure;['Type of plan', 'Body', 'Clothes', 'Posture', 'Look'];4
738;tt1045658scene-124.ss-1195.es-1197;tt1045658-124;tt1045658;scene-124.ss-1195.es-1197.srt;tt1045658_scene_124.mkv;123;Hard Neg;['Posture'];0
739;tt1045658scene-125.ss-1198.es-1208;tt1045658-125;tt1045658;scene-125.ss-1198.es-1208.srt;tt1045658_scene_125.mkv;124;Hard Neg;['Posture'];5
740;tt1045658scene-126.ss-1209.es-1219;tt1045658-126;tt1045658;scene-126.ss-1209.es-1219.srt;tt1045658_scene_126.mkv;125;Sure;['Look'];3
741;tt1045658scene-127.ss-1220.es-1241;tt1045658-127;tt1045658;scene-127.ss-1220.es-1241.srt;tt1045658_scene_127.mkv;126;Sure;['Look'];6
742;tt1045658scene-128.ss-1242.es-1254;tt1045658-128;tt1045658;scene-128.ss-1242.es-1254.srt;tt1045658_scene_128.mkv;127;Hard Neg;['Look'];4
743;tt1045658scene-129.ss-1255.es-1271;tt1045658-129;tt1045658;scene-129.ss-1255.es-1271.srt;tt1045658_scene_129.mkv;128;Hard Neg;['Look'];1
744;tt1045658scene-130.ss-1272.es-1291;tt1045658-130;tt1045658;scene-130.ss-1272.es-1291.srt;tt1045658_scene_130.mkv;129;Hard Neg;['Look'];5
745;tt1045658scene-134.ss-1348.es-1348;tt1045658-134;tt1045658;scene-134.ss-1348.es-1348.srt;tt1045658_scene_134.mp4;133;Hard Neg;['Posture'];3
746;tt1045658scene-135.ss-1349.es-1352;tt1045658-135;tt1045658;scene-135.ss-1349.es-1352.srt;tt1045658_scene_135.mkv;134;Hard Neg;['Type of plan', 'Body'];2
747;tt1045658scene-136.ss-1353.es-1357;tt1045658-136;tt1045658;scene-136.ss-1353.es-1357.srt;tt1045658_scene_136.mkv;135;Hard Neg;['Body', 'Clothes'];9
750;tt1045658scene-139.ss-1381.es-1397;tt1045658-139;tt1045658;scene-139.ss-1381.es-1397.srt;tt1045658_scene_139.mkv;138;Sure;['Type of plan', 'Body', 'Appearance', 'Clothes', 'Posture', 'Activities', 'Look'];7
752;tt1045658scene-141.ss-1404.es-1411;tt1045658-141;tt1045658;scene-141.ss-1404.es-1411.srt;tt1045658_scene_141.mkv;140;Hard Neg;['Clothes'];1
753;tt1045658scene-142.ss-1412.es-1419;tt1045658-142;tt1045658;scene-142.ss-1412.es-1419.srt;tt1045658_scene_142.mkv;141;Hard Neg;['Exp of  emotion'];4
754;tt1045658scene-143.ss-1420.es-1425;tt1045658-143;tt1045658;scene-143.ss-1420.es-1425.srt;tt1045658_scene_143.mp4;142;Sure;['Type of plan', 'Body', 'Look'];7
755;tt1045658scene-144.ss-1426.es-1427;tt1045658-144;tt1045658;scene-144.ss-1426.es-1427.srt;tt1045658_scene_144.mkv;143;Sure;['Type of plan', 'Body', 'Look'];2
756;tt1045658scene-145.ss-1428.es-1429;tt1045658-145;tt1045658;scene-145.ss-1428.es-1429.srt;tt1045658_scene_145.mp4;144;Sure;['Type of plan', 'Look'];4
757;tt1045658scene-146.ss-1430.es-1431;tt1045658-146;tt1045658;scene-146.ss-1430.es-1431.srt;tt1045658_scene_146.mkv;145;Sure;['Type of plan', 'Look'];7
758;tt1045658scene-147.ss-1432.es-1434;tt1045658-147;tt1045658;scene-147.ss-1432.es-1434.srt;tt1045658_scene_147.mp4;146;Sure;['Type of plan', 'Look'];9
759;tt1045658scene-148.ss-1435.es-1440;tt1045658-148;tt1045658;scene-148.ss-1435.es-1440.srt;tt1045658_scene_148.mkv;147;Sure;['Type of plan', 'Body', 'Look'];8
760;tt1045658scene-149.ss-1441.es-1444;tt1045658-149;tt1045658;scene-149.ss-1441.es-1444.srt;tt1045658_scene_149.mp4;-1;Sure;['Type of plan', 'Body', 'Look'];2
761;tt1045658scene-150.ss-1445.es-1445;tt1045658-150;tt1045658;scene-150.ss-1445.es-1445.srt;tt1045658_scene_150.mp4;149;Sure;['Type of plan', 'Body', 'Look'];1
762;tt1045658scene-151.ss-1446.es-1447;tt1045658-151;tt1045658;scene-151.ss-1446.es-1447.srt;tt1045658_scene_151.mkv;150;Sure;['Type of plan', 'Body', 'Look'];8
763;tt1045658scene-152.ss-1448.es-1452;tt1045658-152;tt1045658;scene-152.ss-1448.es-1452.srt;tt1045658_scene_152.mp4;151;Sure;['Type of plan', 'Body', 'Look'];1
764;tt1045658scene-153.ss-1453.es-1458;tt1045658-153;tt1045658;scene-153.ss-1453.es-1458.srt;tt1045658_scene_153.mkv;152;Sure;['Type of plan', 'Body', 'Look'];0
766;tt1045658scene-155.ss-1463.es-1467;tt1045658-155;tt1045658;scene-155.ss-1463.es-1467.srt;tt1045658_scene_155.mkv;154;Hard Neg;['Body', 'Appearance', 'Clothes'];7
767;tt1045658scene-156.ss-1468.es-1491;tt1045658-156;tt1045658;scene-156.ss-1468.es-1491.srt;tt1045658_scene_156.mkv;155;Sure;['Body', 'Appearance', 'Clothes', 'Posture', 'Activities', 'Exp of  emotion'];2
768;tt1045658scene-157.ss-1492.es-1535;tt1045658-157;tt1045658;scene-157.ss-1492.es-1535.srt;tt1045658_scene_157.mkv;156;Sure;['Body', 'Appearance', 'Clothes', 'Posture', 'Activities'];1
769;tt1045658scene-158.ss-1536.es-1556;tt1045658-158;tt1045658;scene-158.ss-1536.es-1556.srt;tt1045658_scene_158.mkv;157;Sure;['Body', 'Clothes', 'Posture', 'Activities'];5
771;tt1045658scene-160.ss-1579.es-1583;tt1045658-160;tt1045658;scene-160.ss-1579.es-1583.srt;tt1045658_scene_160.mkv;159;Sure;['Type of plan', 'Posture', 'Activities', 'Look'];2
772;tt1045658scene-161.ss-1584.es-1598;tt1045658-161;tt1045658;scene-161.ss-1584.es-1598.srt;tt1045658_scene_161.mkv;160;Hard Neg;['Look', 'Exp of  emotion'];9
773;tt1045658scene-162.ss-1599.es-1601;tt1045658-162;tt1045658;scene-162.ss-1599.es-1601.srt;tt1045658_scene_162.mkv;161;Sure;['Type of plan'];8
774;tt1045658scene-163.ss-1602.es-1605;tt1045658-163;tt1045658;scene-163.ss-1602.es-1605.srt;tt1045658_scene_163.mkv;162;Sure;['Type of plan'];7
775;tt1045658scene-164.ss-1606.es-1616;tt1045658-164;tt1045658;scene-164.ss-1606.es-1616.srt;tt1045658_scene_164.mkv;163;Sure;['Type of plan'];0
776;tt1045658scene-165.ss-1617.es-1627;tt1045658-165;tt1045658;scene-165.ss-1617.es-1627.srt;tt1045658_scene_165.mkv;164;Sure;['Type of plan', 'Look', 'Exp of  emotion'];3
777;tt1045658scene-166.ss-1628.es-1640;tt1045658-166;tt1045658;scene-166.ss-1628.es-1640.srt;tt1045658_scene_166.mkv;165;Sure;['Type of plan', 'Look', 'Exp of  emotion'];2
778;tt1045658scene-167.ss-1641.es-1651;tt1045658-167;tt1045658;scene-167.ss-1641.es-1651.srt;tt1045658_scene_167.mp4;-1;Hard Neg;['Exp of  emotion'];0
779;tt1045658scene-168.ss-1652.es-1663;tt1045658-168;tt1045658;scene-168.ss-1652.es-1663.srt;tt1045658_scene_168.mkv;167;Hard Neg;['Clothes', 'Posture'];7
786;tt1142988scene-019.ss-0123.es-0123;tt1142988-019;tt1142988;scene-019.ss-0123.es-0123.srt;tt1142988_scene_19.mkv;18;Hard Neg;['Posture'];8
787;tt1142988scene-020.ss-0124.es-0143;tt1142988-020;tt1142988;scene-020.ss-0124.es-0143.srt;tt1142988_scene_20.mkv;19;Hard Neg;['Posture'];9
788;tt1142988scene-026.ss-0179.es-0181;tt1142988-026;tt1142988;scene-026.ss-0179.es-0181.srt;tt1142988_scene_26.mkv;25;Sure;['Activities'];9
789;tt1142988scene-027.ss-0182.es-0184;tt1142988-027;tt1142988;scene-027.ss-0182.es-0184.srt;tt1142988_scene_27.mp4;-1;Sure;['Activities'];8
790;tt1142988scene-028.ss-0185.es-0199;tt1142988-028;tt1142988;scene-028.ss-0185.es-0199.srt;tt1142988_scene_28.mkv;27;Sure;['Activities'];9
791;tt1142988scene-029.ss-0200.es-0222;tt1142988-029;tt1142988;scene-029.ss-0200.es-0222.srt;tt1142988_scene_29.mkv;28;Sure;['Activities'];5
792;tt1142988scene-030.ss-0223.es-0236;tt1142988-030;tt1142988;scene-030.ss-0223.es-0236.srt;tt1142988_scene_30.mkv;29;Sure;['Activities'];1
793;tt1142988scene-031.ss-0237.es-0256;tt1142988-031;tt1142988;scene-031.ss-0237.es-0256.srt;tt1142988_scene_31.mkv;30;Sure;['Activities'];1
796;tt1142988scene-038.ss-0306.es-0324;tt1142988-038;tt1142988;scene-038.ss-0306.es-0324.srt;tt1142988_scene_38.mkv;37;Sure;['Type of plan', 'Body'];2
797;tt1142988scene-039.ss-0325.es-0330;tt1142988-039;tt1142988;scene-039.ss-0325.es-0330.srt;tt1142988_scene_39.mkv;38;Sure;['Exp of  emotion'];1
798;tt1142988scene-040.ss-0331.es-0346;tt1142988-040;tt1142988;scene-040.ss-0331.es-0346.srt;tt1142988_scene_40.mkv;39;Sure;['Exp of  emotion'];2
799;tt1142988scene-043.ss-0364.es-0369;tt1142988-043;tt1142988;scene-043.ss-0364.es-0369.srt;tt1142988_scene_43.mkv;42;Sure;['Body', 'Appearance', 'Clothes', 'Posture'];9
800;tt1142988scene-044.ss-0370.es-0375;tt1142988-044;tt1142988;scene-044.ss-0370.es-0375.srt;tt1142988_scene_44.mkv;43;Sure;['Body', 'Activities'];8
801;tt1142988scene-045.ss-0376.es-0382;tt1142988-045;tt1142988;scene-045.ss-0376.es-0382.srt;tt1142988_scene_45.mkv;44;Sure;['Body', 'Activities'];9
802;tt1142988scene-046.ss-0383.es-0391;tt1142988-046;tt1142988;scene-046.ss-0383.es-0391.srt;tt1142988_scene_46.mkv;45;Sure;['Body', 'Appearance', 'Clothes', 'Posture'];7
803;tt1142988scene-047.ss-0392.es-0396;tt1142988-047;tt1142988;scene-047.ss-0392.es-0396.srt;tt1142988_scene_47.mkv;46;Sure;['Body'];7
805;tt1142988scene-056.ss-0476.es-0486;tt1142988-056;tt1142988;scene-056.ss-0476.es-0486.srt;tt1142988_scene_56.mkv;55;Sure;['Clothes', 'Activities'];9
806;tt1142988scene-057.ss-0486.es-0494;tt1142988-057;tt1142988;scene-057.ss-0486.es-0494.srt;tt1142988_scene_57.mkv;56;Sure;['Clothes', 'Activities'];1
807;tt1142988scene-058.ss-0495.es-0495;tt1142988-058;tt1142988;scene-058.ss-0495.es-0495.srt;;-1;Sure;['Clothes', 'Activities'];0
808;tt1142988scene-059.ss-0496.es-0507;tt1142988-059;tt1142988;scene-059.ss-0496.es-0507.srt;tt1142988_scene_59.mkv;58;Sure;['Appearance', 'Clothes', 'Activities'];5
809;tt1142988scene-060.ss-0508.es-0513;tt1142988-060;tt1142988;scene-060.ss-0508.es-0513.srt;tt1142988_scene_60.mkv;59;Sure;['Appearance', 'Clothes', 'Activities'];6
810;tt1142988scene-061.ss-0514.es-0520;tt1142988-061;tt1142988;scene-061.ss-0514.es-0520.srt;tt1142988_scene_61.mkv;60;Sure;['Look'];4
811;tt1142988scene-062.ss-0521.es-0527;tt1142988-062;tt1142988;scene-062.ss-0521.es-0527.srt;tt1142988_scene_62.mkv;61;Sure;['Look'];8
812;tt1142988scene-063.ss-0528.es-0531;tt1142988-063;tt1142988;scene-063.ss-0528.es-0531.srt;tt1142988_scene_63.mp4;-1;Sure;['Look'];5
817;tt1142988scene-068.ss-0560.es-0574;tt1142988-068;tt1142988;scene-068.ss-0560.es-0574.srt;tt1142988_scene_68.mkv;67;Sure;['Posture', 'Look'];7
818;tt1142988scene-069.ss-0575.es-0583;tt1142988-069;tt1142988;scene-069.ss-0575.es-0583.srt;tt1142988_scene_69.mkv;68;Sure;['Body', 'Posture', 'Look'];1
819;tt1142988scene-070.ss-0584.es-0593;tt1142988-070;tt1142988;scene-070.ss-0584.es-0593.srt;tt1142988_scene_70.mkv;69;Sure;['Body', 'Posture', 'Look'];8
820;tt1142988scene-077.ss-0635.es-0650;tt1142988-077;tt1142988;scene-077.ss-0635.es-0650.srt;tt1142988_scene_77.mkv;76;Sure;['Appearance', 'Clothes', 'Activities'];4
821;tt1142988scene-078.ss-0651.es-0657;tt1142988-078;tt1142988;scene-078.ss-0651.es-0657.srt;tt1142988_scene_78.mkv;77;Hard Neg;['Appearance', 'Clothes'];7
822;tt1142988scene-080.ss-0661.es-0667;tt1142988-080;tt1142988;scene-080.ss-0661.es-0667.srt;tt1142988_scene_80.mkv;79;Sure;['Appearance', 'Clothes', 'Activities'];0
823;tt1142988scene-081.ss-0668.es-0673;tt1142988-081;tt1142988;scene-081.ss-0668.es-0673.srt;tt1142988_scene_81.mkv;80;Sure;['Appearance', 'Clothes', 'Activities'];8
824;tt1142988scene-082.ss-0674.es-0678;tt1142988-082;tt1142988;scene-082.ss-0674.es-0678.srt;tt1142988_scene_82.mkv;81;Sure;['Appearance', 'Clothes', 'Activities'];0
825;tt1142988scene-083.ss-0679.es-0697;tt1142988-083;tt1142988;scene-083.ss-0679.es-0697.srt;tt1142988_scene_83.mkv;82;Sure;['Appearance', 'Clothes', 'Activities'];7
826;tt1142988scene-084.ss-0698.es-0713;tt1142988-084;tt1142988;scene-084.ss-0698.es-0713.srt;tt1142988_scene_84.mkv;83;Sure;['Appearance', 'Clothes', 'Activities'];6
827;tt1142988scene-085.ss-0714.es-0730;tt1142988-085;tt1142988;scene-085.ss-0714.es-0730.srt;tt1142988_scene_85.mkv;84;Sure;['Appearance', 'Clothes', 'Activities'];4
828;tt1142988scene-086.ss-0731.es-0734;tt1142988-086;tt1142988;scene-086.ss-0731.es-0734.srt;tt1142988_scene_86.mkv;85;Sure;['Appearance', 'Clothes', 'Activities'];9
830;tt1142988scene-088.ss-0749.es-0757;tt1142988-088;tt1142988;scene-088.ss-0749.es-0757.srt;tt1142988_scene_88.mkv;87;Sure;['Activities'];2
831;tt1142988scene-089.ss-0758.es-0762;tt1142988-089;tt1142988;scene-089.ss-0758.es-0762.srt;tt1142988_scene_89.mkv;88;Sure;['Body', 'Clothes', 'Look'];9
832;tt1142988scene-090.ss-0763.es-0770;tt1142988-090;tt1142988;scene-090.ss-0763.es-0770.srt;tt1142988_scene_90.mkv;89;Sure;['Body', 'Clothes', 'Look'];7
837;tt1142988scene-099.ss-0823.es-0828;tt1142988-099;tt1142988;scene-099.ss-0823.es-0828.srt;tt1142988_scene_99.mkv;98;Hard Neg;['Clothes'];7
844;tt1142988scene-108.ss-0883.es-0909;tt1142988-108;tt1142988;scene-108.ss-0883.es-0909.srt;tt1142988_scene_108.mkv;107;Sure;['Type of plan', 'Body', 'Clothes', 'Activities'];8
845;tt1142988scene-109.ss-0910.es-0910;tt1142988-109;tt1142988;scene-109.ss-0910.es-0910.srt;tt1142988_scene_109.mkv;108;Sure;['Type of plan', 'Body', 'Clothes', 'Activities'];3
851;tt1142988scene-135.ss-1113.es-1117;tt1142988-135;tt1142988;scene-135.ss-1113.es-1117.srt;tt1142988_scene_135.mkv;134;Sure;['Body', 'Clothes'];2
860;tt1193138scene-019.ss-0131.es-0137;tt1193138-019;tt1193138;scene-019.ss-0131.es-0137.srt;tt1193138_scene_19.mkv;18;Hard Neg;['Activities'];2
867;tt1193138scene-027.ss-0184.es-0186;tt1193138-027;tt1193138;scene-027.ss-0184.es-0186.srt;tt1193138_scene_27.mp4;-1;Sure;['Type of plan', 'Body', 'Clothes', 'Posture', 'Look'];7
868;tt1193138scene-028.ss-0187.es-0203;tt1193138-028;tt1193138;scene-028.ss-0187.es-0203.srt;tt1193138_scene_28.mkv;27;Sure;['Body', 'Posture'];8
871;tt1193138scene-032.ss-0251.es-0256;tt1193138-032;tt1193138;scene-032.ss-0251.es-0256.srt;tt1193138_scene_32.mkv;31;Sure;['Type of plan', 'Body'];1
873;tt1193138scene-044.ss-0329.es-0332;tt1193138-044;tt1193138;scene-044.ss-0329.es-0332.srt;tt1193138_scene_44.mkv;43;Sure;['Look'];7
874;tt1193138scene-051.ss-0383.es-0385;tt1193138-051;tt1193138;scene-051.ss-0383.es-0385.srt;tt1193138_scene_51.mkv;50;Sure;['Type of plan', 'Posture', 'Exp of  emotion'];3
875;tt1193138scene-052.ss-0385.es-0390;tt1193138-052;tt1193138;scene-052.ss-0385.es-0390.srt;tt1193138_scene_52.mkv;51;Sure;['Type of plan', 'Posture', 'Exp of  emotion'];6
876;tt1193138scene-053.ss-0391.es-0398;tt1193138-053;tt1193138;scene-053.ss-0391.es-0398.srt;tt1193138_scene_53.mkv;52;Sure;['Type of plan', 'Posture', 'Exp of  emotion'];0
879;tt1193138scene-060.ss-0475.es-0478;tt1193138-060;tt1193138;scene-060.ss-0475.es-0478.srt;tt1193138_scene_60.mkv;59;Sure;['Type of plan', 'Body', 'Appearance', 'Look'];6
884;tt1193138scene-080.ss-0646.es-0663;tt1193138-080;tt1193138;scene-080.ss-0646.es-0663.srt;tt1193138_scene_80.mkv;79;Hard Neg;['Appearance', 'Posture'];1
885;tt1193138scene-081.ss-0664.es-0671;tt1193138-081;tt1193138;scene-081.ss-0664.es-0671.srt;tt1193138_scene_81.mkv;80;Hard Neg;['Appearance', 'Posture'];5
891;tt1193138scene-087.ss-0708.es-0720;tt1193138-087;tt1193138;scene-087.ss-0708.es-0720.srt;tt1193138_scene_87.mkv;86;Hard Neg;['Exp of  emotion'];0
892;tt1193138scene-088.ss-0721.es-0725;tt1193138-088;tt1193138;scene-088.ss-0721.es-0725.srt;tt1193138_scene_88.mp4;-1;Hard Neg;['Exp of  emotion'];9
893;tt1193138scene-093.ss-0745.es-0746;tt1193138-093;tt1193138;scene-093.ss-0745.es-0746.srt;tt1193138_scene_93.mkv;92;Sure;['Type of plan', 'Body', 'Posture', 'Activities'];0
894;tt1193138scene-094.ss-0747.es-0747;tt1193138-094;tt1193138;scene-094.ss-0747.es-0747.srt;tt1193138_scene_94.mp4;-1;Sure;['Type of plan', 'Body', 'Posture', 'Activities'];8
898;tt1193138scene-098.ss-0759.es-0763;tt1193138-098;tt1193138;scene-098.ss-0759.es-0763.srt;tt1193138_scene_98.mkv;97;Sure;['Type of plan', 'Body', 'Posture', 'Look'];2
899;tt1193138scene-099.ss-0764.es-0764;tt1193138-099;tt1193138;scene-099.ss-0764.es-0764.srt;tt1193138_scene_99.mp4;-1;Hard Neg;['Body'];8
901;tt1193138scene-101.ss-0779.es-0779;tt1193138-101;tt1193138;scene-101.ss-0779.es-0779.srt;tt1193138_scene_101.mkv;100;Hard Neg;['Exp of  emotion'];9
902;tt1193138scene-102.ss-0780.es-0799;tt1193138-102;tt1193138;scene-102.ss-0780.es-0799.srt;tt1193138_scene_102.mkv;101;Hard Neg;['Exp of  emotion'];2
903;tt1193138scene-103.ss-0800.es-0806;tt1193138-103;tt1193138;scene-103.ss-0800.es-0806.srt;tt1193138_scene_103.mkv;102;Sure;['Posture', 'Exp of  emotion'];7
904;tt1193138scene-104.ss-0806.es-0812;tt1193138-104;tt1193138;scene-104.ss-0806.es-0812.srt;tt1193138_scene_104.mkv;103;Sure;['Posture', 'Exp of  emotion'];0
905;tt1193138scene-105.ss-0812.es-0814;tt1193138-105;tt1193138;scene-105.ss-0812.es-0814.srt;tt1193138_scene_105.mkv;104;Sure;['Posture', 'Exp of  emotion'];4
906;tt1193138scene-106.ss-0814.es-0821;tt1193138-106;tt1193138;scene-106.ss-0814.es-0821.srt;tt1193138_scene_106.mkv;105;Sure;['Posture', 'Exp of  emotion'];7
907;tt1193138scene-110.ss-0895.es-0896;tt1193138-110;tt1193138;scene-110.ss-0895.es-0896.srt;tt1193138_scene_110.mkv;109;Sure;['Body', 'Appearance', 'Posture'];9
908;tt1193138scene-111.ss-0897.es-0914;tt1193138-111;tt1193138;scene-111.ss-0897.es-0914.srt;tt1193138_scene_111.mkv;110;Hard Neg;['Activities'];2
909;tt1193138scene-112.ss-0915.es-0918;tt1193138-112;tt1193138;scene-112.ss-0915.es-0918.srt;tt1193138_scene_112.mkv;111;Hard Neg;['Activities'];8
910;tt1193138scene-113.ss-0918.es-0924;tt1193138-113;tt1193138;scene-113.ss-0918.es-0924.srt;tt1193138_scene_113.mkv;112;Hard Neg;['Activities'];3
911;tt1193138scene-114.ss-0924.es-0949;tt1193138-114;tt1193138;scene-114.ss-0924.es-0949.srt;tt1193138_scene_114.mkv;113;Hard Neg;['Activities'];2
912;tt1193138scene-115.ss-0950.es-0956;tt1193138-115;tt1193138;scene-115.ss-0950.es-0956.srt;tt1193138_scene_115.mkv;114;Hard Neg;['Activities'];1
914;tt1193138scene-117.ss-0965.es-0969;tt1193138-117;tt1193138;scene-117.ss-0965.es-0969.srt;tt1193138_scene_117.mkv;116;Sure;['Posture'];2
915;tt1193138scene-118.ss-0969.es-0970;tt1193138-118;tt1193138;scene-118.ss-0969.es-0970.srt;tt1193138_scene_118.mkv;117;Sure;['Posture'];7
916;tt1193138scene-119.ss-0971.es-0983;tt1193138-119;tt1193138;scene-119.ss-0971.es-0983.srt;tt1193138_scene_119.mkv;118;Sure;['Posture'];3
918;tt1193138scene-121.ss-0987.es-0987;tt1193138-121;tt1193138;scene-121.ss-0987.es-0987.srt;tt1193138_scene_121.mkv;120;Sure;['Body', 'Posture', 'Activities'];1
921;tt1193138scene-125.ss-1001.es-1002;tt1193138-125;tt1193138;scene-125.ss-1001.es-1002.srt;tt1193138_scene_125.mkv;124;Hard Neg;['Body'];9
922;tt1193138scene-126.ss-1002.es-1010;tt1193138-126;tt1193138;scene-126.ss-1002.es-1010.srt;tt1193138_scene_126.mkv;-1;Hard Neg;['Body'];9
923;tt1193138scene-130.ss-1054.es-1058;tt1193138-130;tt1193138;scene-130.ss-1054.es-1058.srt;tt1193138_scene_130.mkv;129;Sure;['Type of plan', 'Body', 'Look'];6
934;tt1193138scene-157.ss-1221.es-1225;tt1193138-157;tt1193138;scene-157.ss-1221.es-1225.srt;tt1193138_scene_157.mkv;156;Hard Neg;['Appearance'];5
937;tt1193138scene-160.ss-1242.es-1252;tt1193138-160;tt1193138;scene-160.ss-1242.es-1252.srt;tt1193138_scene_160.mkv;159;Hard Neg;['Body', 'Clothes'];7
938;tt1193138scene-161.ss-1253.es-1263;tt1193138-161;tt1193138;scene-161.ss-1253.es-1263.srt;tt1193138_scene_161.mkv;160;Hard Neg;['Body', 'Clothes'];6
939;tt1193138scene-162.ss-1264.es-1273;tt1193138-162;tt1193138;scene-162.ss-1264.es-1273.srt;tt1193138_scene_162.mkv;161;Hard Neg;['Body', 'Clothes'];5
940;tt1193138scene-163.ss-1274.es-1275;tt1193138-163;tt1193138;scene-163.ss-1274.es-1275.srt;tt1193138_scene_163.mkv;162;Hard Neg;['Look'];0
941;tt1193138scene-164.ss-1276.es-1292;tt1193138-164;tt1193138;scene-164.ss-1276.es-1292.srt;tt1193138_scene_164.mkv;163;Hard Neg;['Look'];0
942;tt1193138scene-166.ss-1293.es-1299;tt1193138-166;tt1193138;scene-166.ss-1293.es-1299.srt;tt1193138_scene_166.mkv;165;Sure;['Exp of  emotion'];7
943;tt1193138scene-167.ss-1299.es-1300;tt1193138-167;tt1193138;scene-167.ss-1299.es-1300.srt;tt1193138_scene_167.mkv;166;Sure;['Exp of  emotion'];0
950;tt1193138scene-174.ss-1334.es-1351;tt1193138-174;tt1193138;scene-174.ss-1334.es-1351.srt;tt1193138_scene_174.mkv;173;Hard Neg;['Clothes', 'Exp of  emotion'];1
951;tt1193138scene-175.ss-1352.es-1354;tt1193138-175;tt1193138;scene-175.ss-1352.es-1354.srt;tt1193138_scene_175.mkv;174;Sure;['Body', 'Appearance', 'Clothes', 'Posture', 'Look', 'Exp of  emotion'];3
952;tt1193138scene-176.ss-1354.es-1382;tt1193138-176;tt1193138;scene-176.ss-1354.es-1382.srt;tt1193138_scene_176.mkv;175;Hard Neg;['Exp of  emotion'];5
953;tt1193138scene-177.ss-1382.es-1383;tt1193138-177;tt1193138;scene-177.ss-1382.es-1383.srt;tt1193138_scene_177.mkv;176;Hard Neg;['Exp of  emotion'];2
954;tt1193138scene-178.ss-1384.es-1404;tt1193138-178;tt1193138;scene-178.ss-1384.es-1404.srt;tt1193138_scene_178.mkv;177;Hard Neg;['Exp of  emotion'];3
955;tt1193138scene-179.ss-1405.es-1406;tt1193138-179;tt1193138;scene-179.ss-1405.es-1406.srt;tt1193138_scene_179.mkv;178;Sure;['Body', 'Posture', 'Activities', 'Look'];8
956;tt1193138scene-180.ss-1407.es-1408;tt1193138-180;tt1193138;scene-180.ss-1407.es-1408.srt;tt1193138_scene_180.mp4;-1;Sure;['Body', 'Posture', 'Activities', 'Look'];5
957;tt1193138scene-181.ss-1409.es-1415;tt1193138-181;tt1193138;scene-181.ss-1409.es-1415.srt;tt1193138_scene_181.mkv;180;Hard Neg;['Exp of  emotion'];6
959;tt1193138scene-183.ss-1438.es-1440;tt1193138-183;tt1193138;scene-183.ss-1438.es-1440.srt;tt1193138_scene_183.mkv;182;Sure;['Appearance'];5
960;tt1193138scene-184.ss-1441.es-1446;tt1193138-184;tt1193138;scene-184.ss-1441.es-1446.srt;tt1193138_scene_184.mkv;183;Sure;['Appearance'];9
961;tt1193138scene-185.ss-1447.es-1448;tt1193138-185;tt1193138;scene-185.ss-1447.es-1448.srt;tt1193138_scene_185.mp4;-1;Hard Neg;['Activities'];0
962;tt1193138scene-186.ss-1449.es-1452;tt1193138-186;tt1193138;scene-186.ss-1449.es-1452.srt;tt1193138_scene_186.mkv;185;Hard Neg;['Activities'];3
963;tt1193138scene-187.ss-1453.es-1456;tt1193138-187;tt1193138;scene-187.ss-1453.es-1456.srt;tt1193138_scene_187.mkv;186;Hard Neg;['Activities'];4
964;tt1193138scene-188.ss-1457.es-1464;tt1193138-188;tt1193138;scene-188.ss-1457.es-1464.srt;tt1193138_scene_188.mkv;187;Hard Neg;['Activities'];3
965;tt1193138scene-189.ss-1465.es-1467;tt1193138-189;tt1193138;scene-189.ss-1465.es-1467.srt;tt1193138_scene_189.mp4;-1;Hard Neg;['Activities'];0
966;tt1193138scene-190.ss-1468.es-1470;tt1193138-190;tt1193138;scene-190.ss-1468.es-1470.srt;tt1193138_scene_190.mkv;189;Hard Neg;['Activities'];4
967;tt1193138scene-191.ss-1471.es-1477;tt1193138-191;tt1193138;scene-191.ss-1471.es-1477.srt;tt1193138_scene_191.mkv;190;Hard Neg;['Posture'];0
980;tt1193138scene-209.ss-1557.es-1564;tt1193138-209;tt1193138;scene-209.ss-1557.es-1564.srt;tt1193138_scene_209.mkv;208;Sure;['Appearance', 'Activities', 'Exp of  emotion'];7
981;tt1193138scene-210.ss-1564.es-1578;tt1193138-210;tt1193138;scene-210.ss-1564.es-1578.srt;tt1193138_scene_210.mkv;209;Sure;['Appearance', 'Activities', 'Exp of  emotion'];5
993;tt1454029scene-006.ss-0019.es-0027;tt1454029-006;tt1454029;scene-006.ss-0019.es-0027.srt;tt1454029_scene_6.mp4;5;Sure;['Type of plan', 'Clothes', 'Activities'];6
996;tt1454029scene-009.ss-0039.es-0065;tt1454029-009;tt1454029;scene-009.ss-0039.es-0065.srt;tt1454029_scene_9.mp4;-1;Sure;['Clothes', 'Posture'];3
1001;tt1454029scene-014.ss-0094.es-0095;tt1454029-014;tt1454029;scene-014.ss-0094.es-0095.srt;tt1454029_scene_14.mp4;13;Hard Neg;['Clothes', 'Activities'];2
1002;tt1454029scene-015.ss-0096.es-0105;tt1454029-015;tt1454029;scene-015.ss-0096.es-0105.srt;tt1454029_scene_15.mp4;14;Sure;['Clothes', 'Posture', 'Activities'];5
1005;tt1454029scene-018.ss-0130.es-0138;tt1454029-018;tt1454029;scene-018.ss-0130.es-0138.srt;tt1454029_scene_18.mp4;17;Sure;['Body', 'Clothes', 'Posture'];1
1011;tt1454029scene-024.ss-0200.es-0202;tt1454029-024;tt1454029;scene-024.ss-0200.es-0202.srt;tt1454029_scene_24.mp4;23;Sure;['Body', 'Clothes'];1
1012;tt1454029scene-025.ss-0203.es-0219;tt1454029-025;tt1454029;scene-025.ss-0203.es-0219.srt;tt1454029_scene_25.mp4;24;Sure;['Body', 'Clothes'];8
1013;tt1454029scene-026.ss-0220.es-0228;tt1454029-026;tt1454029;scene-026.ss-0220.es-0228.srt;tt1454029_scene_26.mp4;25;Sure;['Body', 'Appearance', 'Clothes'];4
1019;tt1454029scene-035.ss-0335.es-0348;tt1454029-035;tt1454029;scene-035.ss-0335.es-0348.srt;tt1454029_scene_35.mp4;34;Sure;['Posture', 'Activities'];5
1025;tt1454029scene-041.ss-0392.es-0392;tt1454029-041;tt1454029;scene-041.ss-0392.es-0392.srt;tt1454029_scene_41.mp4;40;Hard Neg;['Activities'];1
1026;tt1454029scene-042.ss-0393.es-0396;tt1454029-042;tt1454029;scene-042.ss-0393.es-0396.srt;tt1454029_scene_42.mp4;41;Hard Neg;['Activities'];3
1027;tt1454029scene-043.ss-0397.es-0397;tt1454029-043;tt1454029;scene-043.ss-0397.es-0397.srt;tt1454029_scene_43.mp4;-1;Hard Neg;['Activities'];0
1028;tt1454029scene-044.ss-0398.es-0403;tt1454029-044;tt1454029;scene-044.ss-0398.es-0403.srt;tt1454029_scene_44.mp4;43;Sure;['Type of plan', 'Body'];6
1029;tt1454029scene-045.ss-0404.es-0404;tt1454029-045;tt1454029;scene-045.ss-0404.es-0404.srt;;-1;Hard Neg;['Activities'];7
1030;tt1454029scene-046.ss-0405.es-0405;tt1454029-046;tt1454029;scene-046.ss-0405.es-0405.srt;tt1454029_scene_46.mp4;45;Hard Neg;['Activities'];0
1032;tt1454029scene-053.ss-0449.es-0454;tt1454029-053;tt1454029;scene-053.ss-0449.es-0454.srt;tt1454029_scene_53.mp4;52;Sure;['Posture', 'Activities', 'Exp of  emotion'];4
1033;tt1454029scene-054.ss-0455.es-0460;tt1454029-054;tt1454029;scene-054.ss-0455.es-0460.srt;tt1454029_scene_54.mp4;53;Sure;['Posture', 'Activities', 'Exp of  emotion'];3
1034;tt1454029scene-055.ss-0461.es-0461;tt1454029-055;tt1454029;scene-055.ss-0461.es-0461.srt;tt1454029_scene_55.mp4;-1;Sure;['Posture', 'Activities', 'Exp of  emotion'];6
1037;tt1454029scene-063.ss-0559.es-0573;tt1454029-063;tt1454029;scene-063.ss-0559.es-0573.srt;tt1454029_scene_63.mp4;62;Sure;['Type of plan', 'Body', 'Appearance', 'Clothes'];9
1038;tt1454029scene-064.ss-0574.es-0583;tt1454029-064;tt1454029;scene-064.ss-0574.es-0583.srt;tt1454029_scene_64.mp4;63;Sure;['Body', 'Appearance', 'Clothes', 'Posture', 'Activities'];4
1039;tt1454029scene-065.ss-0584.es-0602;tt1454029-065;tt1454029;scene-065.ss-0584.es-0602.srt;tt1454029_scene_65.mp4;64;Sure;['Type of plan', 'Body', 'Appearance', 'Exp of  emotion'];0
1040;tt1454029scene-066.ss-0603.es-0603;tt1454029-066;tt1454029;scene-066.ss-0603.es-0603.srt;tt1454029_scene_66.mp4;-1;Sure;['Type of plan', 'Body', 'Appearance', 'Exp of  emotion'];6
1046;tt1454029scene-073.ss-0668.es-0700;tt1454029-073;tt1454029;scene-073.ss-0668.es-0700.srt;tt1454029_scene_73.mp4;72;Hard Neg;['Activities'];1
1047;tt1454029scene-074.ss-0701.es-0702;tt1454029-074;tt1454029;scene-074.ss-0701.es-0702.srt;tt1454029_scene_74.mp4;-1;Hard Neg;['Activities'];8
1048;tt1454029scene-075.ss-0703.es-0709;tt1454029-075;tt1454029;scene-075.ss-0703.es-0709.srt;tt1454029_scene_75.mp4;74;Hard Neg;['Activities'];2
1049;tt1454029scene-076.ss-0710.es-0717;tt1454029-076;tt1454029;scene-076.ss-0710.es-0717.srt;tt1454029_scene_76.mp4;75;Sure;['Appearance', 'Activities'];2
1050;tt1454029scene-077.ss-0718.es-0723;tt1454029-077;tt1454029;scene-077.ss-0718.es-0723.srt;tt1454029_scene_77.mp4;76;Sure;['Appearance', 'Activities'];8
1051;tt1454029scene-078.ss-0724.es-0725;tt1454029-078;tt1454029;scene-078.ss-0724.es-0725.srt;tt1454029_scene_78.mp4;77;Sure;['Appearance', 'Activities'];9
1052;tt1454029scene-079.ss-0726.es-0732;tt1454029-079;tt1454029;scene-079.ss-0726.es-0732.srt;tt1454029_scene_79.mp4;78;Sure;['Clothes'];7
1053;tt1454029scene-080.ss-0733.es-0759;tt1454029-080;tt1454029;scene-080.ss-0733.es-0759.srt;tt1454029_scene_80.mp4;79;Sure;['Clothes'];4
1054;tt1454029scene-081.ss-0760.es-0760;tt1454029-081;tt1454029;scene-081.ss-0760.es-0760.srt;tt1454029_scene_81.mp4;80;Sure;['Clothes'];7
1056;tt1454029scene-083.ss-0784.es-0792;tt1454029-083;tt1454029;scene-083.ss-0784.es-0792.srt;tt1454029_scene_83.mp4;82;Hard Neg;['Activities'];3
1057;tt1454029scene-084.ss-0793.es-0803;tt1454029-084;tt1454029;scene-084.ss-0793.es-0803.srt;tt1454029_scene_84.mp4;83;Hard Neg;['Activities'];1
1058;tt1454029scene-085.ss-0804.es-0817;tt1454029-085;tt1454029;scene-085.ss-0804.es-0817.srt;tt1454029_scene_85.mp4;84;Hard Neg;['Exp of  emotion'];5
1059;tt1454029scene-086.ss-0818.es-0827;tt1454029-086;tt1454029;scene-086.ss-0818.es-0827.srt;tt1454029_scene_86.mp4;85;Hard Neg;['Exp of  emotion'];5
1060;tt1454029scene-087.ss-0828.es-0835;tt1454029-087;tt1454029;scene-087.ss-0828.es-0835.srt;tt1454029_scene_87.mp4;86;Hard Neg;['Exp of  emotion'];1
1061;tt1454029scene-088.ss-0836.es-0841;tt1454029-088;tt1454029;scene-088.ss-0836.es-0841.srt;tt1454029_scene_88.mp4;87;Sure;['Body'];6
1062;tt1454029scene-090.ss-0856.es-0860;tt1454029-090;tt1454029;scene-090.ss-0856.es-0860.srt;tt1454029_scene_90.mp4;89;Hard Neg;['Activities'];7
1063;tt1454029scene-091.ss-0861.es-0868;tt1454029-091;tt1454029;scene-091.ss-0861.es-0868.srt;tt1454029_scene_91.mp4;90;Hard Neg;['Activities'];8
1064;tt1454029scene-092.ss-0869.es-0874;tt1454029-092;tt1454029;scene-092.ss-0869.es-0874.srt;tt1454029_scene_92.mp4;91;Hard Neg;['Activities'];9
1065;tt1454029scene-100.ss-0933.es-0933;tt1454029-100;tt1454029;scene-100.ss-0933.es-0933.srt;tt1454029_scene_100.mp4;99;Hard Neg;['Activities'];3
1068;tt1454029scene-103.ss-0947.es-0949;tt1454029-103;tt1454029;scene-103.ss-0947.es-0949.srt;tt1454029_scene_103.mp4;-1;Hard Neg;['Activities'];1
1069;tt1454029scene-104.ss-0950.es-0955;tt1454029-104;tt1454029;scene-104.ss-0950.es-0955.srt;tt1454029_scene_104.mp4;103;Hard Neg;['Activities'];4
1070;tt1454029scene-105.ss-0956.es-0958;tt1454029-105;tt1454029;scene-105.ss-0956.es-0958.srt;tt1454029_scene_105.mp4;104;Hard Neg;['Activities'];1
1075;tt1454029scene-110.ss-0981.es-0984;tt1454029-110;tt1454029;scene-110.ss-0981.es-0984.srt;tt1454029_scene_110.mp4;109;Hard Neg;['Type of plan'];1
1076;tt1454029scene-111.ss-0985.es-0985;tt1454029-111;tt1454029;scene-111.ss-0985.es-0985.srt;tt1454029_scene_111.mp4;-1;Hard Neg;['Type of plan'];1
1079;tt1454029scene-119.ss-1013.es-1019;tt1454029-119;tt1454029;scene-119.ss-1013.es-1019.srt;tt1454029_scene_119.mp4;118;Sure;['Body', 'Activities', 'Look'];0
1080;tt1454029scene-120.ss-1020.es-1021;tt1454029-120;tt1454029;scene-120.ss-1020.es-1021.srt;tt1454029_scene_120.mp4;-1;Sure;['Body', 'Activities', 'Look'];6
1083;tt1454029scene-124.ss-1044.es-1049;tt1454029-124;tt1454029;scene-124.ss-1044.es-1049.srt;tt1454029_scene_124.mp4;123;Hard Neg;['Type of plan'];6
1090;tt1454029scene-132.ss-1103.es-1112;tt1454029-132;tt1454029;scene-132.ss-1103.es-1112.srt;tt1454029_scene_132.mp4;131;Hard Neg;['Activities'];3
1091;tt1454029scene-133.ss-1113.es-1155;tt1454029-133;tt1454029;scene-133.ss-1113.es-1155.srt;tt1454029_scene_133.mp4;132;Hard Neg;['Activities'];2
1092;tt1454029scene-134.ss-1156.es-1167;tt1454029-134;tt1454029;scene-134.ss-1156.es-1167.srt;tt1454029_scene_134.mp4;133;Hard Neg;['Activities'];8
1093;tt1454029scene-135.ss-1168.es-1169;tt1454029-135;tt1454029;scene-135.ss-1168.es-1169.srt;tt1454029_scene_135.mp4;134;Sure;['Type of plan', 'Body', 'Clothes'];9
1094;tt1454029scene-136.ss-1170.es-1174;tt1454029-136;tt1454029;scene-136.ss-1170.es-1174.srt;tt1454029_scene_136.mp4;135;Sure;['Type of plan', 'Body', 'Clothes'];5
1095;tt1454029scene-137.ss-1175.es-1175;tt1454029-137;tt1454029;scene-137.ss-1175.es-1175.srt;tt1454029_scene_137.mp4;136;Sure;['Type of plan', 'Body', 'Clothes'];6
1096;tt1454029scene-138.ss-1176.es-1181;tt1454029-138;tt1454029;scene-138.ss-1176.es-1181.srt;tt1454029_scene_138.mp4;137;Sure;['Type of plan', 'Body', 'Clothes'];0
1097;tt1454029scene-139.ss-1182.es-1186;tt1454029-139;tt1454029;scene-139.ss-1182.es-1186.srt;tt1454029_scene_139.mp4;138;Sure;['Type of plan', 'Body', 'Clothes'];6
1098;tt1454029scene-140.ss-1187.es-1195;tt1454029-140;tt1454029;scene-140.ss-1187.es-1195.srt;tt1454029_scene_140.mp4;139;Sure;['Type of plan', 'Body', 'Clothes'];5
1099;tt1454029scene-141.ss-1196.es-1198;tt1454029-141;tt1454029;scene-141.ss-1196.es-1198.srt;tt1454029_scene_141.mp4;140;Sure;['Type of plan', 'Body', 'Clothes'];0
1104;tt1454029scene-146.ss-1250.es-1255;tt1454029-146;tt1454029;scene-146.ss-1250.es-1255.srt;tt1454029_scene_146.mp4;145;Hard Neg;['Clothes', 'Activities'];7
1105;tt1454029scene-148.ss-1259.es-1263;tt1454029-148;tt1454029;scene-148.ss-1259.es-1263.srt;tt1454029_scene_148.mp4;147;Hard Neg;['Exp of  emotion'];6
1112;tt1454029scene-155.ss-1327.es-1332;tt1454029-155;tt1454029;scene-155.ss-1327.es-1332.srt;tt1454029_scene_155.mp4;154;Hard Neg;['Exp of  emotion'];8
1113;tt1454029scene-156.ss-1333.es-1344;tt1454029-156;tt1454029;scene-156.ss-1333.es-1344.srt;tt1454029_scene_156.mp4;155;Hard Neg;['Exp of  emotion'];7
1114;tt1454029scene-157.ss-1345.es-1349;tt1454029-157;tt1454029;scene-157.ss-1345.es-1349.srt;tt1454029_scene_157.mp4;156;Hard Neg;['Activities'];4
1115;tt1454029scene-158.ss-1350.es-1352;tt1454029-158;tt1454029;scene-158.ss-1350.es-1352.srt;tt1454029_scene_158.mp4;-1;Hard Neg;['Activities'];9
1116;tt1454029scene-159.ss-1353.es-1357;tt1454029-159;tt1454029;scene-159.ss-1353.es-1357.srt;tt1454029_scene_159.mp4;158;Hard Neg;['Activities'];2
1117;tt1454029scene-160.ss-1358.es-1364;tt1454029-160;tt1454029;scene-160.ss-1358.es-1364.srt;tt1454029_scene_160.mp4;159;Hard Neg;['Activities'];9
1118;tt1454029scene-161.ss-1365.es-1368;tt1454029-161;tt1454029;scene-161.ss-1365.es-1368.srt;tt1454029_scene_161.mp4;160;Hard Neg;['Activities'];4
1131;tt1454029scene-175.ss-1466.es-1477;tt1454029-175;tt1454029;scene-175.ss-1466.es-1477.srt;tt1454029_scene_175.mp4;174;Hard Neg;['Activities'];1
1133;tt1454029scene-177.ss-1487.es-1511;tt1454029-177;tt1454029;scene-177.ss-1487.es-1511.srt;tt1454029_scene_177.mp4;176;Hard Neg;['Type of plan', 'Body', 'Posture'];2
1136;tt1454029scene-180.ss-1548.es-1560;tt1454029-180;tt1454029;scene-180.ss-1548.es-1560.srt;tt1454029_scene_180.mp4;179;Hard Neg;['Activities'];8
1137;tt1454029scene-181.ss-1561.es-1563;tt1454029-181;tt1454029;scene-181.ss-1561.es-1563.srt;tt1454029_scene_181.mp4;180;Hard Neg;['Activities'];9
1139;tt1570728scene-001.ss-0001.es-0009;tt1570728-001;tt1570728;scene-001.ss-0001.es-0009.srt;tt1570728_scene_1.mp4;0;Sure;['Type of plan', 'Clothes', 'Activities'];1
1143;tt1570728scene-006.ss-0033.es-0037;tt1570728-006;tt1570728;scene-006.ss-0033.es-0037.srt;tt1570728_scene_6.mkv;5;Hard Neg;['Activities'];7
1144;tt1570728scene-007.ss-0038.es-0039;tt1570728-007;tt1570728;scene-007.ss-0038.es-0039.srt;tt1570728_scene_7.mp4;6;Hard Neg;['Activities'];6
1145;tt1570728scene-008.ss-0040.es-0050;tt1570728-008;tt1570728;scene-008.ss-0040.es-0050.srt;tt1570728_scene_8.mkv;7;Hard Neg;['Activities'];9
1148;tt1570728scene-011.ss-0082.es-0095;tt1570728-011;tt1570728;scene-011.ss-0082.es-0095.srt;tt1570728_scene_11.mkv;10;Sure;['Appearance', 'Clothes', 'Look'];1
1149;tt1570728scene-012.ss-0096.es-0101;tt1570728-012;tt1570728;scene-012.ss-0096.es-0101.srt;tt1570728_scene_12.mkv;11;Sure;['Type of plan'];1
1150;tt1570728scene-013.ss-0102.es-0150;tt1570728-013;tt1570728;scene-013.ss-0102.es-0150.srt;tt1570728_scene_13.mkv;12;Sure;['Posture', 'Activities'];5
1151;tt1570728scene-015.ss-0175.es-0177;tt1570728-015;tt1570728;scene-015.ss-0175.es-0177.srt;tt1570728_scene_15.mp4;14;Sure;['Body', 'Clothes'];5
1152;tt1570728scene-016.ss-0178.es-0186;tt1570728-016;tt1570728;scene-016.ss-0178.es-0186.srt;tt1570728_scene_16.mkv;15;Sure;['Body', 'Clothes'];9
1156;tt1570728scene-020.ss-0213.es-0229;tt1570728-020;tt1570728;scene-020.ss-0213.es-0229.srt;tt1570728_scene_20.mkv;-1;Sure;['Exp of  emotion'];7
1160;tt1570728scene-027.ss-0313.es-0341;tt1570728-027;tt1570728;scene-027.ss-0313.es-0341.srt;tt1570728_scene_27.mkv;26;Sure;['Appearance', 'Look', 'Exp of  emotion'];9
1163;tt1570728scene-034.ss-0409.es-0417;tt1570728-034;tt1570728;scene-034.ss-0409.es-0417.srt;tt1570728_scene_34.mkv;33;Hard Neg;['Type of plan', 'Posture'];2
1164;tt1570728scene-037.ss-0455.es-0456;tt1570728-037;tt1570728;scene-037.ss-0455.es-0456.srt;tt1570728_scene_37.mkv;36;Sure;['Clothes', 'Activities'];9
1165;tt1570728scene-038.ss-0457.es-0469;tt1570728-038;tt1570728;scene-038.ss-0457.es-0469.srt;tt1570728_scene_38.mkv;37;Sure;['Clothes', 'Activities'];9
1166;tt1570728scene-040.ss-0484.es-0501;tt1570728-040;tt1570728;scene-040.ss-0484.es-0501.srt;tt1570728_scene_40.mkv;39;Sure;['Clothes', 'Activities', 'Look'];6
1167;tt1570728scene-041.ss-0502.es-0507;tt1570728-041;tt1570728;scene-041.ss-0502.es-0507.srt;tt1570728_scene_41.mkv;40;Sure;['Appearance', 'Clothes', 'Activities'];0
1168;tt1570728scene-042.ss-0508.es-0512;tt1570728-042;tt1570728;scene-042.ss-0508.es-0512.srt;tt1570728_scene_42.mkv;41;Sure;['Appearance', 'Clothes', 'Activities'];8
1169;tt1570728scene-043.ss-0513.es-0520;tt1570728-043;tt1570728;scene-043.ss-0513.es-0520.srt;tt1570728_scene_43.mkv;42;Sure;['Appearance', 'Clothes', 'Activities'];5
1170;tt1570728scene-044.ss-0521.es-0531;tt1570728-044;tt1570728;scene-044.ss-0521.es-0531.srt;tt1570728_scene_44.mkv;43;Sure;['Type of plan', 'Body', 'Appearance', 'Clothes', 'Look'];1
1173;tt1570728scene-049.ss-0560.es-0560;tt1570728-049;tt1570728;scene-049.ss-0560.es-0560.srt;tt1570728_scene_49.mkv;48;Hard Neg;['Type of plan', 'Clothes'];7
1174;tt1570728scene-052.ss-0620.es-0634;tt1570728-052;tt1570728;scene-052.ss-0620.es-0634.srt;tt1570728_scene_52.mkv;51;Sure;['Body'];1
1175;tt1570728scene-053.ss-0635.es-0676;tt1570728-053;tt1570728;scene-053.ss-0635.es-0676.srt;tt1570728_scene_53.mkv;52;Sure;['Clothes'];4
1176;tt1570728scene-054.ss-0677.es-0721;tt1570728-054;tt1570728;scene-054.ss-0677.es-0721.srt;;53;Sure;['Clothes'];4
1177;tt1570728scene-055.ss-0722.es-0737;tt1570728-055;tt1570728;scene-055.ss-0722.es-0737.srt;tt1570728_scene_55.mkv;54;Sure;['Clothes'];6
1178;tt1570728scene-056.ss-0738.es-0761;tt1570728-056;tt1570728;scene-056.ss-0738.es-0761.srt;tt1570728_scene_56.mkv;55;Sure;['Type of plan', 'Body', 'Clothes'];3
1179;tt1570728scene-057.ss-0762.es-0764;tt1570728-057;tt1570728;scene-057.ss-0762.es-0764.srt;tt1570728_scene_57.mkv;56;Sure;['Type of plan', 'Body', 'Clothes'];0
1180;tt1570728scene-058.ss-0765.es-0768;tt1570728-058;tt1570728;scene-058.ss-0765.es-0768.srt;tt1570728_scene_58.mkv;57;Sure;['Clothes'];5
1181;tt1570728scene-062.ss-0796.es-0829;tt1570728-062;tt1570728;scene-062.ss-0796.es-0829.srt;tt1570728_scene_62.mkv;61;Sure;['Posture', 'Exp of  emotion'];3
1182;tt1570728scene-063.ss-0830.es-0846;tt1570728-063;tt1570728;scene-063.ss-0830.es-0846.srt;tt1570728_scene_63.mkv;62;Hard Neg;['Body', 'Activities'];3
1183;tt1570728scene-064.ss-0847.es-0857;tt1570728-064;tt1570728;scene-064.ss-0847.es-0857.srt;;63;Sure;['Type of plan'];7
1184;tt1570728scene-065.ss-0858.es-0864;tt1570728-065;tt1570728;scene-065.ss-0858.es-0864.srt;tt1570728_scene_65.mkv;64;Sure;['Type of plan'];3
1185;tt1570728scene-066.ss-0865.es-0876;tt1570728-066;tt1570728;scene-066.ss-0865.es-0876.srt;tt1570728_scene_66.mkv;65;Sure;['Type of plan'];6
1186;tt1570728scene-069.ss-0907.es-0944;tt1570728-069;tt1570728;scene-069.ss-0907.es-0944.srt;tt1570728_scene_69.mkv;68;Hard Neg;['Exp of  emotion'];6
1188;tt1570728scene-071.ss-0955.es-0978;tt1570728-071;tt1570728;scene-071.ss-0955.es-0978.srt;tt1570728_scene_71.mkv;70;Sure;['Posture', 'Activities', 'Exp of  emotion'];2
1189;tt1570728scene-072.ss-0979.es-0999;tt1570728-072;tt1570728;scene-072.ss-0979.es-0999.srt;tt1570728_scene_72.mkv;71;Hard Neg;['Exp of  emotion'];8
1191;tt1570728scene-074.ss-1005.es-1041;tt1570728-074;tt1570728;scene-074.ss-1005.es-1041.srt;tt1570728_scene_74.mkv;73;Sure;['Exp of  emotion'];0
1193;tt1570728scene-077.ss-1061.es-1068;tt1570728-077;tt1570728;scene-077.ss-1061.es-1068.srt;tt1570728_scene_77.mp4;76;Sure;['Look'];2
1194;tt1570728scene-078.ss-1069.es-1103;tt1570728-078;tt1570728;scene-078.ss-1069.es-1103.srt;tt1570728_scene_78.mkv;77;Sure;['Look'];5
1195;tt1570728scene-079.ss-1104.es-1135;tt1570728-079;tt1570728;scene-079.ss-1104.es-1135.srt;tt1570728_scene_79.mkv;78;Sure;['Look'];2
1196;tt1570728scene-080.ss-1136.es-1153;tt1570728-080;tt1570728;scene-080.ss-1136.es-1153.srt;tt1570728_scene_80.mkv;79;Sure;['Look'];4
1197;tt1570728scene-081.ss-1154.es-1161;tt1570728-081;tt1570728;scene-081.ss-1154.es-1161.srt;tt1570728_scene_81.mkv;80;Hard Neg;['Clothes'];6
1198;tt1570728scene-082.ss-1162.es-1204;tt1570728-082;tt1570728;scene-082.ss-1162.es-1204.srt;tt1570728_scene_82.mkv;81;Sure;['Type of plan'];6
1199;tt1570728scene-087.ss-1251.es-1293;tt1570728-087;tt1570728;scene-087.ss-1251.es-1293.srt;tt1570728_scene_87.mp4;86;Sure;['Appearance', 'Activities'];7
1202;tt1570728scene-090.ss-1335.es-1352;tt1570728-090;tt1570728;scene-090.ss-1335.es-1352.srt;tt1570728_scene_90.mkv;89;Hard Neg;['Activities'];5
1207;tt1570728scene-095.ss-1380.es-1394;tt1570728-095;tt1570728;scene-095.ss-1380.es-1394.srt;tt1570728_scene_95.mkv;94;Sure;['Type of plan', 'Body', 'Clothes'];9
1213;tt1570728scene-101.ss-1537.es-1543;tt1570728-101;tt1570728;scene-101.ss-1537.es-1543.srt;tt1570728_scene_101.mkv;100;Sure;['Type of plan', 'Look'];1
1214;tt1570728scene-104.ss-1587.es-1592;tt1570728-104;tt1570728;scene-104.ss-1587.es-1592.srt;tt1570728_scene_104.mkv;103;Sure;['Type of plan', 'Posture', 'Exp of  emotion'];9
1215;tt1570728scene-106.ss-1639.es-1669;tt1570728-106;tt1570728;scene-106.ss-1639.es-1669.srt;tt1570728_scene_106.mkv;105;Hard Neg;['Clothes'];6
1218;tt1570728scene-110.ss-1779.es-1807;tt1570728-110;tt1570728;scene-110.ss-1779.es-1807.srt;tt1570728_scene_110.mkv;109;Sure;['Type of plan', 'Clothes', 'Look', 'Exp of  emotion'];5
1219;tt1570728scene-111.ss-1808.es-1827;tt1570728-111;tt1570728;scene-111.ss-1808.es-1827.srt;tt1570728_scene_111.mkv;110;Hard Neg;['Look', 'Exp of  emotion'];0
1221;tt2267998scene-001.ss-0001.es-0016;tt2267998-001;tt2267998;scene-001.ss-0001.es-0016.srt;tt2267998_scene_1.mp4;-1;Sure;['Type of plan'];9
1225;tt2267998scene-008.ss-0081.es-0083;tt2267998-008;tt2267998;scene-008.ss-0081.es-0083.srt;tt2267998_scene_8.mp4;7;Sure;['Type of plan', 'Body', 'Activities'];3
1234;tt2267998scene-027.ss-0323.es-0326;tt2267998-027;tt2267998;scene-027.ss-0323.es-0326.srt;tt2267998_scene_27.mp4;26;Sure;['Body', 'Clothes', 'Activities'];9
1235;tt2267998scene-028.ss-0327.es-0327;tt2267998-028;tt2267998;scene-028.ss-0327.es-0327.srt;tt2267998_scene_28.mp4;-1;Sure;['Body', 'Clothes', 'Activities'];0
1240;tt2267998scene-040.ss-0484.es-0491;tt2267998-040;tt2267998;scene-040.ss-0484.es-0491.srt;tt2267998_scene_40.mp4;39;Hard Neg;['Clothes'];3
1241;tt2267998scene-041.ss-0492.es-0505;tt2267998-041;tt2267998;scene-041.ss-0492.es-0505.srt;tt2267998_scene_41.mp4;40;Hard Neg;['Clothes'];7
1242;tt2267998scene-042.ss-0506.es-0506;tt2267998-042;tt2267998;scene-042.ss-0506.es-0506.srt;;-1;Hard Neg;['Clothes'];7
1243;tt2267998scene-047.ss-0535.es-0548;tt2267998-047;tt2267998;scene-047.ss-0535.es-0548.srt;tt2267998_scene_47.mp4;46;Hard Neg;['Body', 'Clothes'];2
1244;tt2267998scene-048.ss-0549.es-0554;tt2267998-048;tt2267998;scene-048.ss-0549.es-0554.srt;tt2267998_scene_48.mp4;47;Hard Neg;['Body', 'Clothes'];3
1246;tt2267998scene-065.ss-0692.es-0704;tt2267998-065;tt2267998;scene-065.ss-0692.es-0704.srt;tt2267998_scene_65.mp4;64;Sure;['Body', 'Clothes', 'Activities'];1
1247;tt2267998scene-066.ss-0705.es-0716;tt2267998-066;tt2267998;scene-066.ss-0705.es-0716.srt;tt2267998_scene_66.mp4;65;Sure;['Body', 'Clothes', 'Activities'];6
1248;tt2267998scene-067.ss-0717.es-0726;tt2267998-067;tt2267998;scene-067.ss-0717.es-0726.srt;tt2267998_scene_67.mp4;66;Sure;['Body', 'Clothes', 'Activities'];6
1249;tt2267998scene-068.ss-0727.es-0729;tt2267998-068;tt2267998;scene-068.ss-0727.es-0729.srt;tt2267998_scene_68.mp4;67;Sure;['Body', 'Clothes', 'Activities'];4
1250;tt2267998scene-069.ss-0730.es-0730;tt2267998-069;tt2267998;scene-069.ss-0730.es-0730.srt;tt2267998_scene_69.mp4;-1;Sure;['Activities'];2
1251;tt2267998scene-070.ss-0731.es-0733;tt2267998-070;tt2267998;scene-070.ss-0731.es-0733.srt;tt2267998_scene_70.mp4;69;Sure;['Activities'];3
1252;tt2267998scene-071.ss-0734.es-0735;tt2267998-071;tt2267998;scene-071.ss-0734.es-0735.srt;tt2267998_scene_71.mp4;70;Sure;['Activities'];5
1253;tt2267998scene-072.ss-0736.es-0737;tt2267998-072;tt2267998;scene-072.ss-0736.es-0737.srt;tt2267998_scene_72.mp4;71;Sure;['Posture', 'Activities'];8
1254;tt2267998scene-073.ss-0738.es-0744;tt2267998-073;tt2267998;scene-073.ss-0738.es-0744.srt;tt2267998_scene_73.mp4;72;Sure;['Posture', 'Activities'];5
1255;tt2267998scene-074.ss-0745.es-0756;tt2267998-074;tt2267998;scene-074.ss-0745.es-0756.srt;tt2267998_scene_74.mp4;73;Sure;['Posture', 'Activities'];0
1256;tt2267998scene-077.ss-0779.es-0785;tt2267998-077;tt2267998;scene-077.ss-0779.es-0785.srt;tt2267998_scene_77.mp4;76;Sure;['Body', 'Activities'];4
1257;tt2267998scene-078.ss-0786.es-0786;tt2267998-078;tt2267998;scene-078.ss-0786.es-0786.srt;tt2267998_scene_78.mp4;-1;Hard Neg;['Clothes'];2
1285;tt2267998scene-145.ss-1724.es-1739;tt2267998-145;tt2267998;scene-145.ss-1724.es-1739.srt;tt2267998_scene_145.mp4;144;Hard Neg;['Clothes'];9
1286;tt2267998scene-147.ss-1757.es-1769;tt2267998-147;tt2267998;scene-147.ss-1757.es-1769.srt;tt2267998_scene_147.mp4;146;Hard Neg;['Clothes'];7
1287;tt2267998scene-148.ss-1770.es-1773;tt2267998-148;tt2267998;scene-148.ss-1770.es-1773.srt;tt2267998_scene_148.mp4;147;Hard Neg;['Clothes'];2
1293;tt2267998scene-160.ss-1935.es-1948;tt2267998-160;tt2267998;scene-160.ss-1935.es-1948.srt;tt2267998_scene_160.mp4;159;Hard Neg;['Clothes', 'Activities'];0
1294;tt2267998scene-161.ss-1949.es-1965;tt2267998-161;tt2267998;scene-161.ss-1949.es-1965.srt;tt2267998_scene_161.mp4;160;Hard Neg;['Clothes', 'Activities'];2
1295;tt2267998scene-162.ss-1966.es-1966;tt2267998-162;tt2267998;scene-162.ss-1966.es-1966.srt;tt2267998_scene_162.mp4;-1;Hard Neg;['Clothes', 'Activities'];6
1306;tt2267998scene-183.ss-2220.es-2235;tt2267998-183;tt2267998;scene-183.ss-2220.es-2235.srt;tt2267998_scene_183.mp4;182;Sure;['Type of plan', 'Appearance', 'Clothes', 'Look'];3
1311;tt2267998scene-188.ss-2274.es-2278;tt2267998-188;tt2267998;scene-188.ss-2274.es-2278.srt;tt2267998_scene_188.mp4;187;Sure;['Body', 'Clothes', 'Activities'];2
1312;tt2267998scene-189.ss-2279.es-2279;tt2267998-189;tt2267998;scene-189.ss-2279.es-2279.srt;tt2267998_scene_189.mp4;-1;Sure;['Body', 'Clothes', 'Activities'];6
1313;tt2267998scene-190.ss-2280.es-2284;tt2267998-190;tt2267998;scene-190.ss-2280.es-2284.srt;tt2267998_scene_190.mp4;189;Sure;['Body', 'Clothes', 'Activities'];2
1314;tt2267998scene-191.ss-2285.es-2308;tt2267998-191;tt2267998;scene-191.ss-2285.es-2308.srt;tt2267998_scene_191.mp4;190;Sure;['Type of plan', 'Body', 'Activities'];8
1315;tt2267998scene-192.ss-2309.es-2335;tt2267998-192;tt2267998;scene-192.ss-2309.es-2335.srt;tt2267998_scene_192.mp4;-1;Sure;['Type of plan', 'Body', 'Activities'];1
1316;tt2267998scene-193.ss-2336.es-2336;tt2267998-193;tt2267998;scene-193.ss-2336.es-2336.srt;tt2267998_scene_193.mp4;-1;Sure;['Type of plan', 'Body', 'Activities'];5
1317;tt2267998scene-194.ss-2337.es-2347;tt2267998-194;tt2267998;scene-194.ss-2337.es-2347.srt;tt2267998_scene_194.mp4;193;Sure;['Body', 'Clothes'];3
1318;tt2267998scene-195.ss-2348.es-2350;tt2267998-195;tt2267998;scene-195.ss-2348.es-2350.srt;tt2267998_scene_195.mp4;194;Sure;['Body', 'Clothes'];6
1319;tt2267998scene-199.ss-2394.es-2415;tt2267998-199;tt2267998;scene-199.ss-2394.es-2415.srt;tt2267998_scene_199.mp4;198;Sure;['Exp of  emotion'];5
1320;tt2267998scene-200.ss-2416.es-2423;tt2267998-200;tt2267998;scene-200.ss-2416.es-2423.srt;tt2267998_scene_200.mp4;199;Sure;['Exp of  emotion'];5
1322;tt2267998scene-202.ss-2436.es-2448;tt2267998-202;tt2267998;scene-202.ss-2436.es-2448.srt;tt2267998_scene_202.mp4;201;Hard Neg;['Appearance', 'Look'];3
1338;tt2267998scene-220.ss-2663.es-2671;tt2267998-220;tt2267998;scene-220.ss-2663.es-2671.srt;tt2267998_scene_220.mp4;219;Hard Neg;['Exp of  emotion'];5
